{
  "asOf": "2026-03-18",
  "source": "PYKRX",
  "items": {
    "A_088": {
      "ticker": "005930",
      "return_3d": 13.623978201634879,
      "return_7d": 20.172910662824208,
      "return_1m": 24.255065554231226,
      "return_1y": 286.11111111111114,
      "return_3y": 236.8336025848142,
      "return_ytd": 62.2568093385214
    },
    "A_085": {
      "ticker": "009150",
      "return_3d": 15.855181023720345,
      "return_7d": 21.46596858638743,
      "return_1m": 49.919224555735056,
      "return_1y": 241.930729550479,
      "return_3y": 218.24417009602195,
      "return_ytd": 71.85185185185186
    },
    "A_091": {
      "ticker": "277810",
      "return_3d": -1.464713715046606,
      "return_7d": 0.13531799729364913,
      "return_1m": 10.283159463487323,
      "return_1y": 111.42857142857143,
      "return_3y": 868.586387434555,
      "return_ytd": 49.94934143870313
    },
    "A_092": {
      "ticker": "058610",
      "return_3d": -2.148887183422865,
      "return_7d": -0.4683840749414525,
      "return_1m": -7.002188183807445,
      "return_1y": 392.27799227799227,
      "return_3y": 576.3925729442971,
      "return_ytd": 54.17170495767836
    },
    "A_093": {
      "ticker": "475400",
      "return_3d": -7.563025210084029,
      "return_7d": 27.062706270627057,
      "return_1m": -0.6451612903225823,
      "return_1y": 26.022913256955803,
      "return_3y": null,
      "return_ytd": 15.09715994020926
    },
    "A_094": {
      "ticker": "101170",
      "return_3d": 0.0,
      "return_7d": 1.1560693641618602,
      "return_1m": -15.915915915915912,
      "return_1y": 134.50586264656613,
      "return_3y": 103.19303338171264,
      "return_ytd": -19.354838709677423
    },
    "A_095": {
      "ticker": "049070",
      "return_3d": 0.6633499170812573,
      "return_7d": 4.956772334293946,
      "return_1m": -13.28571428571429,
      "return_1y": -0.3829321663019747,
      "return_3y": -37.098445595854926,
      "return_ytd": -11.170731707317072
    },
    "A_096": {
      "ticker": "264850",
      "return_3d": -0.3007518796992459,
      "return_7d": 3.2710280373831724,
      "return_1m": -14.451612903225808,
      "return_1y": 31.027667984189723,
      "return_3y": 145.10166358595194,
      "return_ytd": -7.531380753138073
    },
    "A_011": {
      "ticker": "097950",
      "return_3d": 1.85185185185186,
      "return_7d": 7.105263157894748,
      "return_1m": -10.940919037199127,
      "return_1y": -16.25514403292181,
      "return_3y": -40.84302325581395,
      "return_ytd": -1.6908212560386437
    },
    "A_179": {
      "ticker": "103840",
      "return_3d": 0.1677852348993314,
      "return_7d": 1.3582342954159499,
      "return_1m": -4.326923076923073,
      "return_1y": -3.241491085899517,
      "return_3y": 4.370629370629375,
      "return_ytd": -9.818731117824775
    },
    "A_180": {
      "ticker": "049770",
      "return_3d": 0.0,
      "return_7d": 0.0,
      "return_1m": -0.666666666666671,
      "return_1y": -0.22321428571429047,
      "return_3y": null,
      "return_ytd": 45.84013050570963
    },
    "A_181": {
      "ticker": "003230",
      "return_3d": 1.9337016574585641,
      "return_7d": 8.31702544031312,
      "return_1m": -5.060034305317329,
      "return_1y": 23.964165733482634,
      "return_3y": 834.9662162162161,
      "return_ytd": -13.244514106583072
    },
    "A_182": {
      "ticker": "004370",
      "return_3d": 2.57452574525745,
      "return_7d": -2.069857697283317,
      "return_1m": -14.074914869466514,
      "return_1y": 7.528409090909083,
      "return_3y": 14.006024096385538,
      "return_ytd": -11.668611435239207
    },
    "A_183": {
      "ticker": "007310",
      "return_3d": 2.188782489740082,
      "return_7d": 4.475524475524484,
      "return_1m": -5.44303797468354,
      "return_1y": -5.08259212198221,
      "return_3y": -20.021413276231257,
      "return_ytd": -2.4804177545691863
    },
    "A_184": {
      "ticker": "271560",
      "return_3d": 3.6349574632637216,
      "return_7d": 6.349206349206349,
      "return_1m": 3.076923076923066,
      "return_1y": 32.28035538005922,
      "return_3y": 9.746109746109743,
      "return_ytd": 29.970902036857417
    },
    "A_185": {
      "ticker": "005610",
      "return_3d": 1.3565891472868241,
      "return_7d": 5.443548387096775,
      "return_1m": 1.553398058252431,
      "return_1y": 4.914744232698087,
      "return_3y": -26.85314685314686,
      "return_ytd": 1.3565891472868241
    },
    "A_186": {
      "ticker": "101530",
      "return_3d": -0.15105740181269312,
      "return_7d": 3.281249999999991,
      "return_1m": -5.571428571428571,
      "return_1y": 8.006535947712411,
      "return_3y": -5.164992826398851,
      "return_ytd": -4.341534008683068
    },
    "A_187": {
      "ticker": "005180",
      "return_3d": -1.813471502590669,
      "return_7d": 3.12925170068028,
      "return_1m": -7.67356881851401,
      "return_1y": -19.957761351636748,
      "return_3y": 80.2615933412604,
      "return_ytd": 3.978052126200282
    },
    "A_188": {
      "ticker": "438900",
      "return_3d": 2.42397531952403,
      "return_7d": 5.20597555454958,
      "return_1m": -6.629168340699076,
      "return_1y": 5.954226315309574,
      "return_3y": 26.48307390878415,
      "return_ytd": -0.1718213058419238
    },
    "A_090": {
      "ticker": "010140",
      "return_3d": -5.211726384364823,
      "return_7d": 1.9264448336252293,
      "return_1m": 3.928571428571437,
      "return_1y": 94.0,
      "return_3y": 416.87388987566607,
      "return_ytd": 20.496894409937894
    },
    "A_189": {
      "ticker": "009540",
      "return_3d": 2.163461538461542,
      "return_7d": 6.25,
      "return_1m": 8.974358974358964,
      "return_1y": 69.32270916334662,
      "return_3y": 431.9148936170213,
      "return_ytd": 8.005082592121981
    },
    "A_190": {
      "ticker": "329180",
      "return_3d": -1.0067114093959773,
      "return_7d": 2.430555555555558,
      "return_1m": 9.869646182495352,
      "return_1y": 86.1198738170347,
      "return_3y": 443.2780847145488,
      "return_ytd": 17.06349206349207
    },
    "A_191": {
      "ticker": "010620",
      "return_3d": 0.0,
      "return_7d": 0.0,
      "return_1m": 0.0,
      "return_1y": 77.40652346857597,
      "return_3y": 146.95459579180508,
      "return_ytd": 65.79925650557621
    },
    "A_192": {
      "ticker": "042660",
      "return_3d": -2.9218407596785956,
      "return_7d": 7.437348423605505,
      "return_1m": 2.467232074016956,
      "return_1y": 65.09316770186335,
      "return_3y": 533.8834303157494,
      "return_ytd": 15.867480383609411
    },
    "A_193": {
      "ticker": "017960",
      "return_3d": 4.726100966702473,
      "return_7d": 8.93854748603351,
      "return_1m": 39.087018544935816,
      "return_1y": 200.0,
      "return_3y": 319.1745485812554,
      "return_ytd": 75.67567567567568
    },
    "A_194": {
      "ticker": "033500",
      "return_3d": -6.884681583476759,
      "return_7d": 3.6398467432950277,
      "return_1m": -5.4195804195804165,
      "return_1y": 15.1063829787234,
      "return_3y": 142.38351254480287,
      "return_ytd": 12.474012474012476
    },
    "A_195": {
      "ticker": "014620",
      "return_3d": -8.192090395480223,
      "return_7d": -9.344490934449091,
      "return_1m": -1.365705614567525,
      "return_1y": 9.060402684563762,
      "return_3y": 157.32383214568486,
      "return_ytd": 28.458498023715407
    },
    "A_196": {
      "ticker": "023160",
      "return_3d": -6.0358890701468155,
      "return_7d": -1.3698630136986356,
      "return_1m": -2.866779089376059,
      "return_1y": 14.05940594059405,
      "return_3y": 86.89162881245944,
      "return_ytd": 37.47016706443913
    },
    "A_197": {
      "ticker": "086280",
      "return_3d": 6.0538116591928315,
      "return_7d": 4.415011037527594,
      "return_1m": -7.436399217221135,
      "return_1y": 78.08734939759037,
      "return_3y": 189.36034845592914,