{
  "asOf": "2026-03-13",
  "source": "PYKRX",
  "items": {
    "A_088": {
      "ticker": "005930",
      "return_3d": -2.3416711016498115,
      "return_7d": 6.56213704994193,
      "return_1m": 15.699873896595218,
      "return_1y": 225.93250444049735,
      "return_3y": 188.9763779527559,
      "return_ytd": 42.80155642023347
    },
    "A_085": {
      "ticker": "009150",
      "return_3d": -0.3731343283582045,
      "return_7d": 10.482758620689658,
      "return_1m": 41.02112676056338,
      "return_1y": 181.05263157894734,
      "return_3y": 168.251841929002,
      "return_ytd": 48.33333333333334
    },
    "A_091": {
      "ticker": "277810",
      "return_3d": -1.9582245430809442,
      "return_7d": 6.6761363636363535,
      "return_1m": 14.133738601823698,
      "return_1y": 91.3375796178344,
      "return_3y": 815.8536585365854,
      "return_ytd": 52.17831813576495
    },
    "A_092": {
      "ticker": "058610",
      "return_3d": -3.4814814814814854,
      "return_7d": 20.202952029520294,
      "return_1m": -4.261572373254962,
      "return_1y": 369.54954954954957,
      "return_3y": 557.748611812216,
      "return_ytd": 57.55743651753325
    },
    "A_093": {
      "ticker": "475400",
      "return_3d": 11.06666666666667,
      "return_7d": 52.00729927007299,
      "return_1m": 11.812080536912761,
      "return_1y": 35.667752442996736,
      "return_3y": null,
      "return_ytd": 24.51420029895366
    },
    "A_094": {
      "ticker": "101170",
      "return_3d": -2.9126213592232997,
      "return_7d": 14.472608340147186,
      "return_1m": -11.448450347881089,
      "return_1y": 147.34982332155477,
      "return_3y": 99.43019943019944,
      "return_ytd": -19.354838709677423
    },
    "A_095": {
      "ticker": "049070",
      "return_3d": -0.4950495049504955,
      "return_7d": 17.620286085825754,
      "return_1m": -6.752577319587627,
      "return_1y": -6.0747663551401825,
      "return_3y": -36.96864111498258,
      "return_ytd": -11.75609756097561
    },
    "A_096": {
      "ticker": "264850",
      "return_3d": -1.7725258493353047,
      "return_7d": 11.764705882352944,
      "return_1m": -9.523809523809524,
      "return_1y": 28.626692456479685,
      "return_3y": 144.03669724770643,
      "return_ytd": -7.252440725244069
    },
    "A_011": {
      "ticker": "097950",
      "return_3d": 2.566735112936347,
      "return_7d": 4.992117708880706,
      "return_1m": -8.558352402745994,
      "return_1y": -19.10931174089069,
      "return_3y": -41.66423357664234,
      "return_ytd": -3.4782608695652195
    },
    "A_179": {
      "ticker": "103840",
      "return_3d": 1.3605442176870763,
      "return_7d": 6.428571428571428,
      "return_1m": -2.454991816693941,
      "return_1y": -7.020280811232449,
      "return_3y": 2.936096718480141,
      "return_ytd": -9.969788519637458
    },
    "A_180": {
      "ticker": "049770",
      "return_3d": 0.0,
      "return_7d": 0.0,
      "return_1m": -0.666666666666671,
      "return_1y": -0.22321428571429047,
      "return_3y": null,
      "return_ytd": 45.84013050570963
    },
    "A_181": {
      "ticker": "003230",
      "return_3d": 5.436893203883497,
      "return_7d": 4.42307692307693,
      "return_1m": 2.452830188679256,
      "return_1y": 22.850678733031682,
      "return_3y": 808.0267558528428,
      "return_ytd": -14.890282131661447
    },
    "A_182": {
      "ticker": "004370",
      "return_3d": -4.774193548387096,
      "return_7d": -4.651162790697672,
      "return_1m": -12.142857142857144,
      "return_1y": 4.97866287339972,
      "return_3y": 11.649016641452349,
      "return_ytd": -13.88564760793466
    },
    "A_183": {
      "ticker": "007310",
      "return_3d": 1.5277777777777724,
      "return_7d": 0.8275862068965578,
      "return_1m": -5.920205920205923,
      "return_1y": -6.997455470737912,
      "return_3y": -21.650589496248664,
      "return_ytd": -4.569190600522188
    },
    "A_184": {
      "ticker": "271560",
      "return_3d": 0.6225680933852118,
      "return_7d": 4.611650485436902,
      "return_1m": 4.274193548387095,
      "return_1y": 24.68659594985536,
      "return_3y": 7.302904564315349,
      "return_ytd": 25.412221144519886
    },
    "A_185": {
      "ticker": "005610",
      "return_3d": 2.9940119760478945,
      "return_7d": 4.347826086956519,
      "return_1m": 3.3033033033033066,
      "return_1y": 1.5748031496062964,
      "return_3y": -28.133704735376043,
      "return_ytd": 0.0
    },
    "A_186": {
      "ticker": "101530",
      "return_3d": 2.3183925811437467,
      "return_7d": 6.08974358974359,
      "return_1m": -3.3576642335766405,
      "return_1y": 7.119741100323629,
      "return_3y": -5.293276108726753,
      "return_ytd": -4.196816208393628
    },
    "A_187": {
      "ticker": "005180",
      "return_3d": 3.346720214190091,
      "return_7d": 4.324324324324325,
      "return_1m": -1.5306122448979553,
      "return_1y": -19.750519750519747,
      "return_3y": 84.91017964071857,
      "return_ytd": 5.8984910836762605
    },
    "A_188": {
      "ticker": "438900",
      "return_3d": 0.22084805653710404,
      "return_7d": 1.475849731663681,
      "return_1m": -4.342327150084313,
      "return_1y": 3.5411152687779612,
      "return_3y": 24.533479692645454,
      "return_ytd": -2.534364261168387
    },
    "A_090": {
      "ticker": "010140",
      "return_3d": 10.23339317773788,
      "return_7d": 30.638297872340424,
      "return_1m": 11.636363636363644,
      "return_1y": 104.39414114513981,
      "return_3y": 426.5866209262436,
      "return_ytd": 27.122153209109733
    },
    "A_189": {
      "ticker": "009540",
      "return_3d": 2.970297029702973,
      "return_7d": 9.762532981530336,
      "return_1m": 5.183312262958273,
      "return_1y": 92.14780600461894,
      "return_3y": 423.92947103274554,
      "return_ytd": 5.717916137229984
    },
    "A_190": {
      "ticker": "329180",
      "return_3d": 2.2298456260720467,
      "return_7d": 16.634050880626216,
      "return_1m": 10.575139146567714,
      "return_1y": 101.01180438448564,
      "return_3y": 435.9712230215828,
      "return_ytd": 18.253968253968257
    },
    "A_191": {
      "ticker": "010620",
      "return_3d": 0.0,
      "return_7d": 0.0,
      "return_1m": 0.0,
      "return_1y": 77.40652346857597,
      "return_3y": 146.95459579180508,
      "return_ytd": 65.79925650557621
    },
    "A_192": {
      "ticker": "042660",
      "return_3d": 10.048231511254023,
      "return_7d": 26.175115207373278,
      "return_1m": 4.823889739663101,
      "return_1y": 85.00000000000001,
      "return_3y": 557.1305140882254,
      "return_ytd": 19.354838709677423
    },
    "A_193": {
      "ticker": "017960",
      "return_3d": 9.272300469483575,
      "return_7d": 28.236914600550953,
      "return_1m": 35.51673944687046,
      "return_1y": 198.78048780487805,
      "return_3y": 291.5054667788057,
      "return_ytd": 67.74774774774774
    },
    "A_194": {
      "ticker": "033500",
      "return_3d": 15.968063872255488,
      "return_7d": 15.968063872255488,
      "return_1m": 3.014184397163122,
      "return_1y": 25.485961123110144,
      "return_3y": 156.85234305923962,
      "return_ytd": 20.79002079002079
    },
    "A_195": {
      "ticker": "014620",
      "return_3d": 5.514157973174361,
      "return_7d": 17.999999999999993,
      "return_1m": 15.686274509803933,
      "return_1y": 25.531914893617014,
      "return_3y": 175.27216174183513,
      "return_ytd": 39.92094861660078
    },
    "A_196": {
      "ticker": "023160",
      "return_3d": 9.074733096085419,
      "return_7d": 30.42553191489361,
      "return_1m": 14.365671641791057,
      "return_1y": 30.703624733475475,
      "return_3y": 95.59668155711552,
      "return_ytd": 46.30071599045347
    },
    "A_197": {
      "ticker": "086280",
      "return_3d": -4.904051172707891,
      "return_7d": -3.879310344827591,
      "return_1m": -6.498951781970652,
      "return_1y": 65.43026706231454,