{
  "asOf": "2026-02-26",
  "source": "PYKRX",
  "items": {
    "A_079": {
      "ticker": "066570",
      "return_3d": 10.105580693815996,
      "return_7d": 20.263591433278428,
      "return_1m": 38.25757575757576,
      "return_1y": 83.64779874213836,
      "return_3y": 54.17106652587118,
      "return_ytd": 59.73741794310723
    },
    "A_080": {
      "ticker": "011070",
      "return_3d": 27.67527675276753,
      "return_7d": 36.48915187376727,
      "return_1m": 24.90974729241877,
      "return_1y": 111.62079510703364,
      "return_3y": 23.571428571428577,
      "return_ytd": 29.34579439252336
    },
    "A_082": {
      "ticker": "108490",
      "return_3d": 7.339449541284404,
      "return_7d": 2.811950790861162,
      "return_1m": 17.70623742454729,
      "return_1y": 776.9825802776362,
      "return_3y": 1096.661620913963,
      "return_ytd": 8.534322820037099
    },
    "A_083": {
      "ticker": "090360",
      "return_3d": 6.044678055190533,
      "return_7d": -0.4932182490752113,
      "return_1m": -1.8248175182481785,
      "return_1y": 192.39130434782606,
      "return_3y": 279.764705882353,
      "return_ytd": 1.1278195488721776
    },
    "A_084": {
      "ticker": "455900",
      "return_3d": 5.988023952095811,
      "return_7d": -0.7012622720897643,
      "return_1m": -3.804347826086951,
      "return_1y": 19.594594594594604,
      "return_3y": null,
      "return_ytd": 13.09904153354633
    },
    "A_085": {
      "ticker": "009150",
      "return_3d": 9.026963657678788,
      "return_7d": 45.53990610328638,
      "return_1m": 70.95588235294117,
      "return_1y": 220.24793388429754,
      "return_3y": 213.13131313131316,
      "return_ytd": 72.22222222222223
    },
    "A_088": {
      "ticker": "005930",
      "return_3d": 12.04663212435233,
      "return_7d": 21.08062709966405,
      "return_1m": 42.17619986850756,
      "return_1y": 287.5448028673835,
      "return_3y": 254.50819672131146,
      "return_ytd": 68.28793774319067
    },
    "A_091": {
      "ticker": "277810",
      "return_3d": 27.338129496402885,
      "return_7d": 31.11111111111111,
      "return_1m": 64.19294990723563,
      "return_1y": 133.20158102766797,
      "return_3y": 1300.3164556962024,
      "return_ytd": 79.33130699088147
    },
    "A_092": {
      "ticker": "058610",
      "return_3d": 16.808675445391174,
      "return_7d": 9.832483612527309,
      "return_1m": 45.1395572666025,
      "return_1y": 384.10914927768863,
      "return_3y": 700.0,
      "return_ytd": 82.34582829504231
    },
    "A_093": {
      "ticker": "475400",
      "return_3d": 7.3863636363636465,
      "return_7d": 0.13245033112583293,
      "return_1m": 0.0,
      "return_1y": 3.703703703703698,
      "return_3y": null,
      "return_ytd": 13.004484304932728
    },
    "A_094": {
      "ticker": "101170",
      "return_3d": 1.472471190781044,
      "return_7d": -2.3413431916204597,
      "return_1m": -21.53465346534653,
      "return_1y": 177.09790209790208,
      "return_3y": 129.37771345875544,
      "return_ytd": -8.698156682027648
    },
    "A_095": {
      "ticker": "049070",
      "return_3d": 1.4999999999999902,
      "return_7d": -1.6949152542372836,
      "return_1m": -6.880733944954132,
      "return_1y": -3.3333333333333326,
      "return_3y": -31.64983164983165,
      "return_ytd": -0.9756097560975618
    },
    "A_096": {
      "ticker": "264850",
      "return_3d": 7.722513089005245,
      "return_7d": 8.005249343832022,
      "return_1m": 2.109181141439209,
      "return_1y": 48.288288288288285,
      "return_3y": 199.81785063752278,
      "return_ytd": 14.783821478382153
    },
    "A_103": {
      "ticker": "096770",
      "return_3d": 1.0903426791277315,
      "return_7d": 11.607910576096291,
      "return_1m": 16.517055655296218,
      "return_1y": 4.424778761061954,
      "return_3y": -15.165616585187314,
      "return_ytd": 29.929929929929934
    },
    "A_107": {
      "ticker": "083450",
      "return_3d": 9.183673469387754,
      "return_7d": 10.120068610634657,
      "return_1m": 23.461538461538467,
      "return_1y": 77.05460562603419,
      "return_3y": 198.63243092380688,
      "return_ytd": 5.592105263157898
    },
    "A_109": {
      "ticker": "100790",
      "return_3d": -9.129511677282377,
      "return_7d": -4.46428571428571,
      "return_1m": 61.753590325018905,
      "return_1y": 351.47679324894517,
      "return_3y": 380.35914702581374,
      "return_ytd": 57.468727005150846
    },
    "A_110": {
      "ticker": "006800",
      "return_3d": 6.44216691068813,
      "return_7d": 36.14232209737829,
      "return_1m": 108.9080459770115,
      "return_1y": 768.5782556750299,
      "return_3y": 967.5477239353892,
      "return_ytd": 194.9290060851927
    },
    "A_114": {
      "ticker": "347700",
      "return_3d": -7.346491228070173,
      "return_7d": 9.740259740259738,
      "return_1m": 96.05568445475639,
      "return_1y": 424.84472049689435,
      "return_3y": 855.4500226142018,
      "return_ytd": 121.32006286013622
    },
    "A_115": {
      "ticker": "295310",
      "return_3d": -3.731343283582089,
      "return_7d": -10.829493087557607,
      "return_1m": -14.095449500554935,
      "return_1y": 193.73814041745732,
      "return_3y": null,
      "return_ytd": 15.350223546944864
    },
    "A_116": {
      "ticker": "001430",
      "return_3d": -2.553191489361706,
      "return_7d": -7.036535859269277,
      "return_1m": -8.399999999999997,
      "return_1y": 277.0581778265642,
      "return_3y": 307.7151335311573,
      "return_ytd": 22.898032200357775
    },
    "A_161": {
      "ticker": "034020",
      "return_3d": 0.7843137254901933,
      "return_7d": 7.643979057591621,
      "return_1m": 10.182207931404076,
      "return_1y": 318.7372708757637,
      "return_3y": 530.6748466257669,
      "return_ytd": 36.70212765957446
    },
    "A_178": {
      "ticker": "105550",
      "return_3d": -2.0350877192982453,
      "return_7d": -8.45901639344262,
      "return_1m": -7.242524916943527,
      "return_1y": -59.061583577712604,
      "return_3y": -38.905908096280086,
      "return_ytd": -9.993552546744034
    },
    "A_011": {
      "ticker": "097950",
      "return_3d": -2.9279279279279313,
      "return_7d": -6.507592190889366,
      "return_1m": 0.0,
      "return_1y": -12.398373983739841,
      "return_3y": -37.62662807525325,
      "return_ytd": 4.106280193236711
    },
    "A_179": {
      "ticker": "103840",
      "return_3d": 0.15527950310558758,
      "return_7d": 1.7350157728706517,
      "return_1m": 5.048859934853422,
      "return_1y": 7.859531772575257,
      "return_3y": 14.36170212765957,
      "return_ytd": -2.5679758308157052
    },
    "A_180": {
      "ticker": "049770",
      "return_3d": 0.0,
      "return_7d": 0.0,
      "return_1m": -0.666666666666671,
      "return_1y": -0.22321428571429047,
      "return_3y": null,
      "return_ytd": 45.84013050570963
    },
    "A_181": {
      "ticker": "003230",
      "return_3d": -1.7628205128205177,
      "return_7d": 0.5742411812961423,
      "return_1m": -0.7287449392712531,
      "return_1y": 52.677459526774605,
      "return_3y": 943.4042553191489,
      "return_ytd": -3.9184952978056464
    },
    "A_182": {
      "ticker": "004370",
      "return_3d": -4.918032786885251,
      "return_7d": -3.8674033149171283,
      "return_1m": 5.582524271844669,
      "return_1y": 28.31858407079646,
      "return_3y": 26.086956521739136,
      "return_ytd": 1.516919486581103
    },
    "A_183": {
      "ticker": "007310",
      "return_3d": -3.446191051995162,
      "return_7d": -1.4197530864197505,
      "return_1m": 2.10997442455243,
      "return_1y": 4.242819843342027,
      "return_3y": -11.767955801104968,
      "return_ytd": 4.242819843342027
    },
    "A_184": {
      "ticker": "271560",
      "return_3d": -0.14705882352941124,
      "return_7d": -2.020202020202022,
      "return_1m": 16.666666666666675,
      "return_1y": 26.2081784386617,