{
  "asOf": "2026-03-19",
  "source": "PYKRX",
  "items": {
    "A_088": {
      "ticker": "005930",
      "return_3d": 6.253312135665068,
      "return_7d": 6.705694518360827,
      "return_1m": 12.262038073908176,
      "return_1y": 269.2449355432781,
      "return_3y": 217.7496038034865,
      "return_ytd": 56.03112840466926
    },
    "A_085": {
      "ticker": "009150",
      "return_3d": 16.10169491525424,
      "return_7d": 19.278606965174138,
      "return_1m": 50.078247261345844,
      "return_1y": 252.83296541574688,
      "return_3y": 222.678331090175,
      "return_ytd": 77.5925925925926
    },
    "A_091": {
      "ticker": "277810",
      "return_3d": -0.2777777777777768,
      "return_7d": -6.266318537859005,
      "return_1m": 6.37037037037036,
      "return_1y": 119.57186544342507,
      "return_3y": 842.257217847769,
      "return_ytd": 45.49138804457953
    },
    "A_092": {
      "ticker": "058610",
      "return_3d": -2.8391167192429068,
      "return_7d": -8.740740740740737,
      "return_1m": -10.269482884195192,
      "return_1y": 386.9565217391305,
      "return_3y": 545.3640649554741,
      "return_ytd": 48.972188633615474
    },
    "A_093": {
      "ticker": "475400",
      "return_3d": -8.930817610062892,
      "return_7d": -3.4666666666666623,
      "return_1m": -4.1059602649006655,
      "return_1y": 29.749103942652333,
      "return_3y": null,
      "return_ytd": 8.221225710014956
    },
    "A_094": {
      "ticker": "101170",
      "return_3d": -1.245421245421241,
      "return_7d": -6.518723994452147,
      "return_1m": -16.943930991990143,
      "return_1y": 133.2179930795848,
      "return_3y": 99.7037037037037,
      "return_ytd": -22.35023041474654
    },
    "A_095": {
      "ticker": "049070",
      "return_3d": 0.11318619128466434,
      "return_7d": -2.6952695269526927,
      "return_1m": -14.334140435835351,
      "return_1y": -1.5581524763494725,
      "return_3y": -39.72742759795571,
      "return_ytd": -13.707317073170733
    },
    "A_096": {
      "ticker": "264850",
      "return_3d": -3.7878787878787845,
      "return_7d": -6.20384047267356,
      "return_1m": -16.666666666666664,
      "return_1y": 29.989764585465718,
      "return_3y": 129.2418772563177,
      "return_ytd": -11.436541143654111
    },
    "A_011": {
      "ticker": "097950",
      "return_3d": 0.351229302558953,
      "return_7d": 2.6694045174537884,
      "return_1m": -13.232104121475052,
      "return_1y": -22.330097087378643,
      "return_3y": -42.27994227994228,
      "return_ytd": -3.3816425120772986
    },
    "A_179": {
      "ticker": "103840",
      "return_3d": -1.0135135135135087,
      "return_7d": -0.3401360544217691,
      "return_1m": -7.57097791798107,
      "return_1y": -5.177993527508096,
      "return_3y": -4.4045676998368695,
      "return_ytd": -11.480362537764355
    },
    "A_180": {
      "ticker": "049770",
      "return_3d": 0.0,
      "return_7d": 0.0,
      "return_1m": -0.666666666666671,
      "return_1y": -0.22321428571429047,
      "return_3y": null,
      "return_ytd": 45.84013050570963
    },
    "A_181": {
      "ticker": "003230",
      "return_3d": 5.973025048169567,
      "return_7d": 6.796116504854366,
      "return_1m": -9.762100082034452,
      "return_1y": 18.662351672060407,
      "return_3y": 826.7059814658804,
      "return_ytd": -13.793103448275868
    },
    "A_182": {
      "ticker": "004370",
      "return_3d": 2.6279391424619547,
      "return_7d": -4.258064516129034,
      "return_1m": -18.011049723756912,
      "return_1y": -4.749679075738122,
      "return_3y": 11.077844311377238,
      "return_ytd": -13.418903150525086
    },
    "A_183": {
      "ticker": "007310",
      "return_3d": 0.6830601092896238,
      "return_7d": 2.3611111111111027,
      "return_1m": -9.012345679012345,
      "return_1y": -9.90220048899756,
      "return_3y": -21.679064824654624,
      "return_ytd": -3.7859007832898195
    },
    "A_184": {
      "ticker": "271560",
      "return_3d": 1.240310077519391,
      "return_7d": 1.634241245136181,
      "return_1m": -5.772005772005773,
      "return_1y": 23.440453686200378,
      "return_3y": 5.834683954619124,
      "return_ytd": 26.673132880698347
    },
    "A_185": {
      "ticker": "005610",
      "return_3d": -2.099236641221369,
      "return_7d": 2.39520958083832,
      "return_1m": -1.3461538461538414,
      "return_1y": 0.0,
      "return_3y": -28.251748251748253,
      "return_ytd": -0.5813953488372103
    },
    "A_186": {
      "ticker": "101530",
      "return_3d": 0.0,
      "return_7d": 1.2364760432766575,
      "return_1m": -7.485875706214684,
      "return_1y": 4.465709728867617,
      "return_3y": -6.562054208273893,
      "return_ytd": -5.209840810419686
    },
    "A_187": {
      "ticker": "005180",
      "return_3d": -3.8560411311054033,
      "return_7d": 0.1338688085676054,
      "return_1m": -11.792452830188683,
      "return_1y": -18.872017353579174,
      "return_3y": 78.30750893921335,
      "return_ytd": 2.6063100137174278
    },
    "A_188": {
      "ticker": "438900",
      "return_3d": 1.3363028953229383,
      "return_7d": 0.4858657243816289,
      "return_1m": -11.1328125,
      "return_1y": 0.3351856752227267,
      "return_3y": 23.2928679817906,
      "return_ytd": -2.2766323024055013
    },
    "A_090": {
      "ticker": "010140",
      "return_3d": -0.8695652173912993,
      "return_7d": 2.333931777378817,
      "return_1m": 1.243339253996445,
      "return_1y": 90.76305220883533,
      "return_3y": 418.1818181818182,
      "return_ytd": 18.012422360248447
    },
    "A_189": {
      "ticker": "009540",
      "return_3d": 0.9768009768009733,
      "return_7d": 2.3514851485148425,
      "return_1m": 4.156171284634769,
      "return_1y": 67.74847870182556,
      "return_3y": 419.47236180904525,
      "return_ytd": 5.08259212198221
    },
    "A_190": {
      "ticker": "329180",
      "return_3d": -2.7444253859348233,
      "return_7d": -2.7444253859348233,
      "return_1m": 5.1948051948051965,
      "return_1y": 78.02197802197801,
      "return_3y": 425.97402597402595,
      "return_ytd": 12.5
    },
    "A_191": {
      "ticker": "010620",
      "return_3d": 0.0,
      "return_7d": 0.0,
      "return_1m": 0.0,
      "return_1y": 77.40652346857597,
      "return_3y": 146.95459579180508,
      "return_ytd": 65.79925650557621
    },
    "A_192": {
      "ticker": "042660",
      "return_3d": -1.4404852160727843,
      "return_7d": 4.5016077170418,
      "return_1m": -1.365705614567525,
      "return_1y": 63.11166875784191,
      "return_3y": 537.598705184168,
      "return_ytd": 13.339145597210123
    },
    "A_193": {
      "ticker": "017960",
      "return_3d": 5.452562704471098,
      "return_7d": 13.497652582159624,
      "return_1m": 38.53868194842407,
      "return_1y": 205.6257901390645,
      "return_3y": 318.25259515570934,
      "return_ytd": 74.23423423423424
    },
    "A_194": {
      "ticker": "033500",
      "return_3d": -6.914893617021278,
      "return_7d": 4.79041916167664,
      "return_1m": -8.695652173913048,
      "return_1y": 14.130434782608692,
      "return_3y": 134.375,
      "return_ytd": 9.147609147609149
    },
    "A_195": {
      "ticker": "014620",
      "return_3d": -4.223227752639513,
      "return_7d": -5.365126676602083,
      "return_1m": -3.6418816388467334,
      "return_1y": 10.051993067590992,
      "return_3y": 148.24081313526193,
      "return_ytd": 25.49407114624507
    },
    "A_196": {
      "ticker": "023160",
      "return_3d": 0.8726003490401313,
      "return_7d": 2.8469750889679624,
      "return_1m": -0.17271157167529916,
      "return_1y": 20.166320166320162,
      "return_3y": 88.27361563517914,
      "return_ytd": 37.94749403341289
    },
    "A_197": {
      "ticker": "086280",
      "return_3d": 5.251141552511407,
      "return_7d": -1.7057569296375252,
      "return_1m": -11.68582375478927,
      "return_1y": 73.17806160781369,