{
  "asOf": "2026-02-27",
  "source": "PYKRX",
  "items": {
    "A_088": {
      "ticker": "005930",
      "return_3d": 8.250000000000002,
      "return_7d": 19.481236203090504,
      "return_1m": 42.3405654174885,
      "return_1y": 286.60714285714283,
      "return_3y": 258.4437086092715,
      "return_ytd": 68.48249027237354
    },
    "A_085": {
      "ticker": "009150",
      "return_3d": 0.5605381165919354,
      "return_7d": 44.91114701130856,
      "return_1m": 63.090909090909086,
      "return_1y": 202.6315789473684,
      "return_3y": 195.0657894736842,
      "return_ytd": 66.11111111111111
    },
    "A_091": {
      "ticker": "277810",
      "return_3d": 17.969821673525388,
      "return_7d": 28.358208955223873,
      "return_1m": 26.656848306332837,
      "return_1y": 113.93034825870645,
      "return_3y": 1293.8411669367908,
      "return_ytd": 74.26545086119553
    },
    "A_092": {
      "ticker": "058610",
      "return_3d": 9.049773755656098,
      "return_7d": 8.15258040388931,
      "return_1m": 20.500000000000007,
      "return_1y": 369.4805194805195,
      "return_3y": 641.5384615384615,
      "return_ytd": 74.84885126964933
    },
    "A_093": {
      "ticker": "475400",
      "return_3d": 4.409672830725464,
      "return_7d": 0.0,
      "return_1m": -13.647058823529413,
      "return_1y": -3.5479632063074917,
      "return_3y": null,
      "return_ytd": 9.715994020926754
    },
    "A_094": {
      "ticker": "101170",
      "return_3d": 5.157232704402515,
      "return_7d": 6.226175349428198,
      "return_1m": -16.400000000000002,
      "return_1y": 176.36363636363637,
      "return_3y": 136.49222065063648,
      "return_ytd": -3.686635944700456
    },
    "A_095": {
      "ticker": "049070",
      "return_3d": -3.1941031941031928,
      "return_7d": -2.4752475247524774,
      "return_1m": -10.859728506787325,
      "return_1y": -5.515587529976019,
      "return_3y": -34.5514950166113,
      "return_ytd": -3.9024390243902474
    },
    "A_096": {
      "ticker": "264850",
      "return_3d": 1.6645326504481472,
      "return_7d": 2.5839793281653645,
      "return_1m": -7.351225204200695,
      "return_1y": 43.32129963898916,
      "return_3y": 192.98892988929887,
      "return_ytd": 10.739191073919097
    },
    "A_011": {
      "ticker": "097950",
      "return_3d": -2.505694760820043,
      "return_7d": -3.8202247191011285,
      "return_1m": 0.46948356807512415,
      "return_1y": -13.535353535353533,
      "return_3y": -37.609329446064145,
      "return_ytd": 3.3816425120772875
    },
    "A_179": {
      "ticker": "103840",
      "return_3d": -4.444444444444439,
      "return_7d": 3.0351437699680517,
      "return_1m": 4.0322580645161255,
      "return_1y": 4.20032310177707,
      "return_3y": 17.05989110707804,
      "return_ytd": -2.5679758308157052
    },
    "A_180": {
      "ticker": "049770",
      "return_3d": 0.0,
      "return_7d": 0.0,
      "return_1m": -0.666666666666671,
      "return_1y": -0.22321428571429047,
      "return_3y": null,
      "return_ytd": 45.84013050570963
    },
    "A_181": {
      "ticker": "003230",
      "return_3d": -0.8928571428571397,
      "return_7d": 2.6050420168067134,
      "return_1m": 0.0,
      "return_1y": 40.02293577981651,
      "return_3y": 917.5000000000001,
      "return_ytd": -4.31034482758621
    },
    "A_182": {
      "ticker": "004370",
      "return_3d": -5.077262693156737,
      "return_7d": -4.550499445061041,
      "return_1m": 5.263157894736836,
      "return_1y": 22.857142857142865,
      "return_3y": 25.364431486880456,
      "return_ytd": 0.3500583430571691
    },
    "A_183": {
      "ticker": "007310",
      "return_3d": -3.284671532846717,
      "return_7d": -1.2422360248447228,
      "return_1m": 2.580645161290329,
      "return_1y": 3.6505867014341664,
      "return_3y": -12.637362637362637,
      "return_ytd": 3.7859007832898195
    },
    "A_184": {
      "ticker": "271560",
      "return_3d": -2.911208151382827,
      "return_7d": -4.1666666666666625,
      "return_1m": 21.383075523202912,
      "return_1y": 21.49362477231329,
      "return_3y": 9.794238683127565,
      "return_ytd": 29.388942774005812
    },
    "A_185": {
      "ticker": "005610",
      "return_3d": 3.4682080924855585,
      "return_7d": 4.271844660194168,
      "return_1m": 6.336633663366342,
      "return_1y": 13.771186440677962,
      "return_3y": -23.721590909090907,
      "return_ytd": 4.069767441860472
    },
    "A_186": {
      "ticker": "101530",
      "return_3d": -5.67081604426003,
      "return_7d": -2.2922636103151817,
      "return_1m": -1.0159651669085612,
      "return_1y": 13.101160862354888,
      "return_3y": 3.0211480362537735,
      "return_ytd": -1.302460202604916
    },
    "A_187": {
      "ticker": "005180",
      "return_3d": -5.317919075144506,
      "return_7d": -3.4198113207547176,
      "return_1m": 9.345794392523366,
      "return_1y": -10.491803278688527,
      "return_3y": 106.81818181818184,
      "return_ytd": 12.34567901234569
    },
    "A_188": {
      "ticker": "438900",
      "return_3d": -3.601859024012388,
      "return_7d": -2.5450274079874657,
      "return_1m": 6.412997007268073,
      "return_1y": 15.832092330603121,
      "return_3y": 37.83364713700299,
      "return_ytd": 6.915807560137455
    },
    "A_090": {
      "ticker": "010140",
      "return_3d": -0.17241379310344307,
      "return_7d": 4.512635379061369,
      "return_1m": -3.17725752508361,
      "return_1y": 127.77340676632573,
      "return_3y": 466.5362035225049,
      "return_ytd": 19.875776397515523
    },
    "A_189": {
      "ticker": "009540",
      "return_3d": -1.6393442622950838,
      "return_7d": 13.207547169811317,
      "return_1m": 6.132075471698117,
      "return_1y": 99.55654101995566,
      "return_3y": 497.60956175298804,
      "return_ytd": 14.35832274459974
    },
    "A_190": {
      "ticker": "329180",
      "return_3d": 1.1744966442952975,
      "return_7d": 11.049723756906072,
      "return_1m": -0.33057851239669533,
      "return_1y": 80.26905829596413,
      "return_3y": 455.7603686635945,
      "return_ytd": 19.64285714285714
    },
    "A_191": {
      "ticker": "010620",
      "return_3d": 0.0,
      "return_7d": 0.0,
      "return_1m": 0.0,
      "return_1y": 77.40652346857597,
      "return_3y": 146.95459579180508,
      "return_ytd": 65.79925650557621
    },
    "A_192": {
      "ticker": "042660",
      "return_3d": -1.327742837176804,
      "return_7d": 8.782742681047772,
      "return_1m": 1.0014306151645114,
      "return_1y": 81.25802310654686,
      "return_3y": 717.1769199606458,
      "return_ytd": 23.10374891020053
    },
    "A_193": {
      "ticker": "017960",
      "return_3d": 0.9638554216867545,
      "return_7d": 20.057306590257884,
      "return_1m": 22.157434402332356,
      "return_1y": 213.38818249813016,
      "return_3y": 293.42723004694835,
      "return_ytd": 50.99099099099098
    },
    "A_194": {
      "ticker": "033500",
      "return_3d": -4.538087520259316,
      "return_7d": 6.12612612612613,
      "return_1m": 5.935251798561159,
      "return_1y": 42.27053140096619,
      "return_3y": 170.1834862385321,
      "return_ytd": 22.453222453222455
    },
    "A_195": {
      "ticker": "014620",
      "return_3d": -7.4074074074074066,
      "return_7d": 2.1897810218978186,
      "return_1m": 15.321252059308076,
      "return_1y": 36.98630136986301,
      "return_3y": 185.71428571428572,
      "return_ytd": 38.3399209486166
    },
    "A_196": {
      "ticker": "023160",
      "return_3d": -5.695142378559459,
      "return_7d": -3.098106712564541,
      "return_1m": 10.392156862745106,
      "return_1y": 35.66265060240963,
      "return_3y": 87.66666666666667,
      "return_ytd": 34.36754176610979
    },
    "A_197": {
      "ticker": "086280",
      "return_3d": 7.421150278293132,
      "return_7d": 13.529411764705879,
      "return_1m": 19.135802469135797,
      "return_1y": 121.66921898928025,