{
  "asOf": "2026-03-20",
  "source": "PYKRX",
  "items": {
    "A_088": {
      "ticker": "005930",
      "return_3d": 2.8365136668385693,
      "return_7d": 4.947368421052634,
      "return_1m": 10.044150110375272,
      "return_1y": 271.3221601489758,
      "return_3y": 216.5079365079365,
      "return_ytd": 55.175097276264594
    },
    "A_085": {
      "ticker": "009150",
      "return_3d": 4.031354983202684,
      "return_7d": 14.408866995073888,
      "return_1m": 50.080775444264944,
      "return_1y": 244.32913269088212,
      "return_3y": 214.70189701897021,
      "return_ytd": 72.03703703703704
    },
    "A_091": {
      "ticker": "277810",
      "return_3d": -8.59916782246879,
      "return_7d": -11.898395721925137,
      "return_1m": -1.6417910447761197,
      "return_1y": 105.29595015576322,
      "return_3y": 800.2732240437158,
      "return_ytd": 33.535967578520776
    },
    "A_092": {
      "ticker": "058610",
      "return_3d": -3.600000000000003,
      "return_7d": -8.155487804878048,
      "return_1m": -9.872849663425576,
      "return_1y": 385.8870967741935,
      "return_3y": 545.0749464668095,
      "return_ytd": 45.70737605804111
    },
    "A_093": {
      "ticker": "475400",
      "return_3d": -5.614973262032086,
      "return_7d": -16.94117647058824,
      "return_1m": -3.8147138964577665,
      "return_1y": 28.83211678832116,
      "return_3y": null,
      "return_ytd": 5.530642750373693
    },
    "A_094": {
      "ticker": "101170",
      "return_3d": -2.27111426543648,
      "return_7d": -3.7062937062937062,
      "return_1m": -12.515883100381197,
      "return_1y": 142.00351493848856,
      "return_3y": 102.20264317180616,
      "return_ytd": -20.67972350230415
    },
    "A_095": {
      "ticker": "049070",
      "return_3d": -0.9476031215161607,
      "return_7d": -4.7695605573419115,
      "return_1m": -12.029702970297029,
      "return_1y": 0.33879164313947996,
      "return_3y": -38.934707903780065,
      "return_ytd": -13.317073170731708
    },
    "A_096": {
      "ticker": "264850",
      "return_3d": -3.6199095022624417,
      "return_7d": -5.473372781065089,
      "return_1m": -17.441860465116278,
      "return_1y": 31.752577319587626,
      "return_3y": 129.443447037702,
      "return_ytd": -10.878661087866103
    },
    "A_011": {
      "ticker": "097950",
      "return_3d": 4.4334975369458185,
      "return_7d": 6.479156202913106,
      "return_1m": -4.719101123595504,
      "return_1y": -19.083969465648853,
      "return_3y": -38.372093023255815,
      "return_ytd": 2.4154589371980784
    },
    "A_179": {
      "ticker": "103840",
      "return_3d": 0.0,
      "return_7d": 0.6677796327211993,
      "return_1m": -3.6741214057507965,
      "return_1y": -0.16556291390728006,
      "return_3y": -4.739336492891,
      "return_ytd": -8.912386706948638
    },
    "A_180": {
      "ticker": "049770",
      "return_3d": 0.0,
      "return_7d": 0.0,
      "return_1m": -0.666666666666671,
      "return_1y": -0.22321428571429047,
      "return_3y": null,
      "return_ytd": 45.84013050570963
    },
    "A_181": {
      "ticker": "003230",
      "return_3d": 6.377079482439929,
      "return_7d": 2.767857142857144,
      "return_1m": -3.2773109243697474,
      "return_1y": 27.041942604856505,
      "return_3y": 872.9501267962806,
      "return_ytd": -9.796238244514111
    },
    "A_182": {
      "ticker": "004370",
      "return_3d": 2.147651006711415,
      "return_7d": -3.426395939086291,
      "return_1m": -15.53829078801332,
      "return_1y": -3.426395939086291,
      "return_3y": 14.26426426426426,
      "return_ytd": -11.201866977829633
    },
    "A_183": {
      "ticker": "007310",
      "return_3d": -0.540540540540535,
      "return_7d": -0.540540540540535,
      "return_1m": -8.571428571428575,
      "return_1y": -9.582309582309579,
      "return_3y": -22.526315789473685,
      "return_ytd": -3.9164490861618773
    },
    "A_184": {
      "ticker": "271560",
      "return_3d": 5.110602593440117,
      "return_7d": 6.8217054263565835,
      "return_1m": -1.0057471264367845,
      "return_1y": 27.474560592044405,
      "return_3y": 14.356846473029039,
      "return_ytd": 33.65664403491755
    },
    "A_185": {
      "ticker": "005610",
      "return_3d": -0.952380952380949,
      "return_7d": 2.564102564102555,
      "return_1m": 0.9708737864077666,
      "return_1y": -0.3831417624521105,
      "return_3y": -29.25170068027211,
      "return_ytd": 0.7751937984496138
    },
    "A_186": {
      "ticker": "101530",
      "return_3d": 0.1506024096385561,
      "return_7d": 1.9938650306748462,
      "return_1m": -4.727793696275073,
      "return_1y": 4.2319749216300995,
      "return_3y": -6.338028169014088,
      "return_ytd": -3.76266280752533
    },
    "A_187": {
      "ticker": "005180",
      "return_3d": -3.324808184143224,
      "return_7d": -0.917431192660545,
      "return_1m": -10.849056603773588,
      "return_1y": -17.014270032930845,
      "return_3y": 80.42959427207637,
      "return_ytd": 3.703703703703698
    },
    "A_188": {
      "ticker": "438900",
      "return_3d": 3.0131004366812153,
      "return_7d": 1.5934539190353147,
      "return_1m": -7.635082223962408,
      "return_1y": 4.039869454000167,
      "return_3y": 27.527300248675534,
      "return_ytd": 1.3316151202749094
    },
    "A_090": {
      "ticker": "010140",
      "return_3d": -2.0583190394511175,
      "return_7d": -0.868055555555558,
      "return_1m": 3.068592057761732,
      "return_1y": 92.12651413189772,
      "return_3y": 412.5673249551167,
      "return_ytd": 18.219461697722572
    },
    "A_189": {
      "ticker": "009540",
      "return_3d": -3.6904761904761885,
      "return_7d": -3.6904761904761885,
      "return_1m": 1.7610062893081757,
      "return_1y": 73.23340471092077,
      "return_3y": 400.6188118811881,
      "return_ytd": 2.7954256670902122
    },
    "A_190": {
      "ticker": "329180",
      "return_3d": -4.7700170357751315,
      "return_7d": -5.254237288135588,
      "return_1m": 2.946593001841613,
      "return_1y": 77.17908082408876,
      "return_3y": 422.4299065420561,
      "return_ytd": 10.912698412698418
    },
    "A_191": {
      "ticker": "010620",
      "return_3d": 0.0,
      "return_7d": 0.0,
      "return_1m": 0.0,
      "return_1y": 77.40652346857597,
      "return_3y": 146.95459579180508,
      "return_ytd": 65.79925650557621
    },
    "A_192": {
      "ticker": "042660",
      "return_3d": -2.7128862094951023,
      "return_7d": -3.3682634730538896,
      "return_1m": -0.5392912172573205,
      "return_1y": 60.5721393034826,
      "return_3y": 509.30715499339254,
      "return_ytd": 12.554489973844806
    },
    "A_193": {
      "ticker": "017960",
      "return_3d": 2.3638232271325776,
      "return_7d": 5.73248407643312,
      "return_1m": 42.693409742120345,
      "return_1y": 217.39961759082215,
      "return_3y": 330.4235090751945,
      "return_ytd": 79.45945945945947
    },
    "A_194": {
      "ticker": "033500",
      "return_3d": -2.898550724637683,
      "return_7d": 0.3745318352059934,
      "return_1m": -3.4234234234234218,
      "return_1y": 14.775160599571734,
      "return_3y": 141.2241224122412,
      "return_ytd": 11.43451143451144
    },
    "A_195": {
      "ticker": "014620",
      "return_3d": 12.72727272727272,
      "return_7d": 15.88785046728971,
      "return_1m": 8.613138686131382,
      "return_1y": 30.297723292469357,
      "return_3y": 194.53681710213777,
      "return_ytd": 47.03557312252964
    },
    "A_196": {
      "ticker": "023160",
      "return_3d": 23.743500866551127,
      "return_7d": 26.14840989399294,
      "return_1m": 22.891566265060238,
      "return_1y": 45.71428571428571,
      "return_3y": 131.96881091617936,
      "return_ytd": 70.4057279236277
    },
    "A_197": {
      "ticker": "086280",
      "return_3d": 0.6550218340611424,
      "return_7d": -2.5369978858350906,
      "return_1m": -9.607843137254902,