{
  "asOf": "2026-03-05",
  "source": "PYKRX",
  "items": {
    "A_088": {
      "ticker": "005930",
      "return_3d": -11.50115473441109,
      "return_7d": -0.7253886010362698,
      "return_1m": 19.22837585563162,
      "return_1y": 226.40545144804088,
      "return_3y": 202.20820189274446,
      "return_ytd": 49.10505836575876
    },
    "A_085": {
      "ticker": "009150",
      "return_3d": -10.479375696767,
      "return_7d": -5.861664712778425,
      "return_1m": 43.64937388193202,
      "return_1y": 177.47062888735314,
      "return_3y": 166.24668435013263,
      "return_ytd": 48.703703703703695
    },
    "A_091": {
      "ticker": "277810",
      "return_3d": -2.674418604651163,
      "return_7d": 20.431654676259004,
      "return_1m": 10.131578947368425,
      "return_1y": 104.14634146341464,
      "return_3y": 859.8623853211009,
      "return_ytd": 69.6048632218845
    },
    "A_092": {
      "ticker": "058610",
      "return_3d": -12.240663900414939,
      "return_7d": -1.7041053446940402,
      "return_1m": -19.734345351043647,
      "return_1y": 308.69565217391306,
      "return_3y": 522.0588235294118,
      "return_ytd": 53.44619105199517
    },
    "A_093": {
      "ticker": "475400",
      "return_3d": -14.577656675749317,
      "return_7d": -10.9375,
      "return_1m": -22.68803945745993,
      "return_1y": -19.615384615384613,
      "return_3y": null,
      "return_ytd": -6.278026905829592
    },
    "A_094": {
      "ticker": "101170",
      "return_3d": -12.200956937799045,
      "return_7d": -6.017925736235597,
      "return_1m": -31.401869158878505,
      "return_1y": 151.80102915951971,
      "return_3y": 105.89060308555398,
      "return_ytd": -15.437788018433185
    },
    "A_095": {
      "ticker": "049070",
      "return_3d": -12.436548223350252,
      "return_7d": -13.749999999999996,
      "return_1m": -23.16258351893096,
      "return_1y": -16.867469879518072,
      "return_3y": -43.34975369458128,
      "return_ytd": -15.85365853658537
    },
    "A_096": {
      "ticker": "264850",
      "return_3d": -14.231738035264485,
      "return_7d": -10.863874345549739,
      "return_1m": -24.33333333333333,
      "return_1y": 17.820069204152244,
      "return_3y": 149.90825688073394,
      "return_ytd": -5.020920502092052
    },
    "A_011": {
      "ticker": "097950",
      "return_3d": -7.897196261682238,
      "return_7d": -11.216216216216212,
      "return_1m": -8.538283062645014,
      "return_1y": -19.551020408163268,
      "return_3y": -41.77252584933531,
      "return_ytd": -4.7826086956521685
    },
    "A_179": {
      "ticker": "103840",
      "return_3d": -5.891472868217051,
      "return_7d": -5.745341614906829,
      "return_1m": -2.5682182985553803,
      "return_1y": 1.1666666666666714,
      "return_3y": 8.199643493761144,
      "return_ytd": -8.308157099697889
    },
    "A_180": {
      "ticker": "049770",
      "return_3d": 0.0,
      "return_7d": 0.0,
      "return_1m": -0.666666666666671,
      "return_1y": -0.22321428571429047,
      "return_3y": null,
      "return_ytd": 45.84013050570963
    },
    "A_181": {
      "ticker": "003230",
      "return_3d": -13.18591318591319,
      "return_7d": -15.064102564102566,
      "return_1m": -12.828947368421051,
      "return_1y": 19.63882618510158,
      "return_3y": 765.3061224489796,
      "return_ytd": -16.927899686520377
    },
    "A_182": {
      "ticker": "004370",
      "return_3d": -7.6744186046511675,
      "return_7d": -13.224043715846989,
      "return_1m": -3.0525030525030528,
      "return_1y": 12.784090909090917,
      "return_3y": 14.905933429811856,
      "return_ytd": -7.351225204200695
    },
    "A_183": {
      "ticker": "007310",
      "return_3d": -6.2893081761006275,
      "return_7d": -9.915356711003632,
      "return_1m": -3.8709677419354827,
      "return_1y": -4.118404118404118,
      "return_3y": -19.54643628509719,
      "return_ytd": -2.741514360313313
    },
    "A_184": {
      "ticker": "271560",
      "return_3d": -6.971514242878563,
      "return_7d": -8.750000000000002,
      "return_1m": 5.080440304826417,
      "return_1y": 16.089803554724046,
      "return_3y": -0.3212851405622441,
      "return_ytd": 20.368574199806023
    },
    "A_185": {
      "ticker": "005610",
      "return_3d": -5.214152700186214,
      "return_7d": -2.303262955854124,
      "return_1m": 0.5928853754940677,
      "return_1y": 7.383966244725748,
      "return_3y": -28.51123595505618,
      "return_ytd": -1.3565891472868241
    },
    "A_186": {
      "ticker": "101530",
      "return_3d": -6.011730205278587,
      "return_7d": -10.972222222222229,
      "return_1m": -6.559766763848396,
      "return_1y": 4.227642276422761,
      "return_3y": -5.03703703703704,
      "return_ytd": -7.23589001447178
    },
    "A_187": {
      "ticker": "005180",
      "return_3d": -5.494505494505497,
      "return_7d": -10.932105868814734,
      "return_1m": 1.976284584980248,
      "return_1y": -16.86358754027927,
      "return_3y": 92.05955334987593,
      "return_ytd": 6.172839506172845
    },
    "A_188": {
      "ticker": "438900",
      "return_3d": -7.955002008838896,
      "return_7d": -11.748844375963019,
      "return_1m": -3.6180058897770317,
      "return_1y": 5.888334257718619,
      "return_3y": 25.259704756697655,
      "return_ytd": -1.5893470790378061
    },
    "A_090": {
      "ticker": "010140",
      "return_3d": -6.044905008635581,
      "return_7d": -7.008547008547006,
      "return_1m": -8.7248322147651,
      "return_1y": 84.6571622539036,
      "return_3y": 425.0965250965251,
      "return_ytd": 12.62939958592133
    },
    "A_189": {
      "ticker": "009540",
      "return_3d": -9.55555555555555,
      "return_7d": -13.771186440677962,
      "return_1m": -3.32541567695962,
      "return_1y": 70.2928870292887,
      "return_3y": 434.12073490813646,
      "return_ytd": 3.4307496823379857
    },
    "A_190": {
      "ticker": "329180",
      "return_3d": -7.2968490878938645,
      "return_7d": -7.907742998352552,
      "return_1m": -4.931972789115646,
      "return_1y": 61.09510086455332,
      "return_3y": 417.11378353376506,
      "return_ytd": 10.912698412698418
    },
    "A_191": {
      "ticker": "010620",
      "return_3d": 0.0,
      "return_7d": 0.0,
      "return_1m": 0.0,
      "return_1y": 77.40652346857597,
      "return_3y": 146.95459579180508,
      "return_ytd": 65.79925650557621
    },
    "A_192": {
      "ticker": "042660",
      "return_3d": -13.52691218130312,
      "return_7d": -17.051630434782606,
      "return_1m": -13.953488372093027,
      "return_1y": 56.13810741687979,
      "return_3y": 583.765470123761,
      "return_ytd": 6.451612903225801
    },
    "A_193": {
      "ticker": "017960",
      "return_3d": -8.233890214797135,
      "return_7d": -5.990220048899753,
      "return_1m": 11.935953420669577,
      "return_1y": 140.31250000000003,
      "return_3y": 264.45497630331755,
      "return_ytd": 38.558558558558566
    },
    "A_194": {
      "ticker": "033500",
      "return_3d": -8.82852292020373,
      "return_7d": -12.11129296235679,
      "return_1m": -6.932409012131712,
      "return_1y": 18.805309734513266,
      "return_3y": 144.0909090909091,
      "return_ytd": 11.642411642411643
    },
    "A_195": {
      "ticker": "014620",
      "return_3d": -6.285714285714283,
      "return_7d": -17.587939698492463,
      "return_1m": 0.15267175572519776,
      "return_1y": 16.31205673758864,
      "return_3y": 168.85245901639342,
      "return_ytd": 29.644268774703562
    },
    "A_196": {
      "ticker": "023160",
      "return_3d": -10.479573712255775,
      "return_7d": -16.968698517298186,
      "return_1m": -11.267605633802813,
      "return_1y": 10.769230769230775,
      "return_3y": 69.24110141034252,
      "return_ytd": 20.28639618138426
    },
    "A_197": {
      "ticker": "086280",
      "return_3d": -14.853195164075995,
      "return_7d": -7.8504672897196315,