{
  "asOf": "2026-03-04",
  "source": "PYKRX",
  "items": {
    "A_088": {
      "ticker": "005930",
      "return_3d": -21.009174311926603,
      "return_7d": -9.416096791162543,
      "return_1m": 6.034482758620685,
      "return_1y": 202.63620386643234,
      "return_3y": 178.64077669902915,
      "return_ytd": 34.00778210116731
    },
    "A_085": {
      "ticker": "009150",
      "return_3d": -22.293676312968913,
      "return_7d": -3.8461538461538436,
      "return_1m": 29.464285714285722,
      "return_1y": 149.48382656572608,
      "return_3y": 144.93243243243242,
      "return_ytd": 34.25925925925925
    },
    "A_091": {
      "ticker": "277810",
      "return_3d": -19.999999999999996,
      "return_7d": -1.1235955056179803,
      "return_1m": 1.2949640287769792,
      "return_1y": 68.62275449101796,
      "return_3y": 949.1803278688524,
      "return_ytd": 42.65450861195541
    },
    "A_092": {
      "ticker": "058610",
      "return_3d": -28.543177323665127,
      "return_7d": -18.311981914091934,
      "return_1m": -28.448844884488445,
      "return_1y": 240.8805031446541,
      "return_3y": 447.4747474747475,
      "return_ytd": 31.076178960096733
    },
    "A_093": {
      "ticker": "475400",
      "return_3d": -27.224435590969453,
      "return_7d": -25.034199726402186,
      "return_1m": -34.68414779499403,
      "return_1y": -34.91686460807601,
      "return_3y": null,
      "return_ytd": -18.086696562032888
    },
    "A_094": {
      "ticker": "101170",
      "return_3d": -23.0817610062893,
      "return_7d": -21.501925545571243,
      "return_1m": -40.19559902200489,
      "return_1y": 107.6400679117148,
      "return_3y": 73.22946175637395,
      "return_ytd": -29.550691244239637
    },
    "A_095": {
      "ticker": "049070",
      "return_3d": -24.23645320197044,
      "return_7d": -24.049382716049383,
      "return_1m": -30.09090909090909,
      "return_1y": -26.935866983372925,
      "return_3y": -47.86440677966102,
      "return_ytd": -24.975609756097562
    },
    "A_096": {
      "ticker": "264850",
      "return_3d": -27.083333333333336,
      "return_7d": -22.927461139896376,
      "return_1m": -26.361386138613863,
      "return_1y": 1.018675721561979,
      "return_3y": 124.95274102079397,
      "return_ytd": -17.01534170153417
    },
    "A_011": {
      "ticker": "097950",
      "return_3d": -11.898148148148147,
      "return_7d": -13.891402714932122,
      "return_1m": -10.657276995305164,
      "return_1y": -21.363636363636363,
      "return_3y": -44.029411764705884,
      "return_ytd": -8.067632850241546
    },
    "A_179": {
      "ticker": "103840",
      "return_3d": -12.363067292644757,
      "return_7d": -9.967845659163988,
      "return_1m": -9.531502423263326,
      "return_1y": -7.13101160862355,
      "return_3y": 2.376599634369292,
      "return_ytd": -15.407854984894264
    },
    "A_180": {
      "ticker": "049770",
      "return_3d": 0.0,
      "return_7d": 0.0,
      "return_1m": -0.666666666666671,
      "return_1y": -0.22321428571429047,
      "return_3y": null,
      "return_ytd": 45.84013050570963
    },
    "A_181": {
      "ticker": "003230",
      "return_3d": -14.754098360655743,
      "return_7d": -10.652920962199309,
      "return_1m": -13.261050875729774,
      "return_1y": 18.99313501144164,
      "return_3y": 763.0705394190871,
      "return_ytd": -18.49529780564263
    },
    "A_182": {
      "ticker": "004370",
      "return_3d": -10.829493087557607,
      "return_7d": -12.542372881355934,
      "return_1m": -5.494505494505497,
      "return_1y": 11.047345767575312,
      "return_3y": 11.047345767575312,
      "return_ytd": -9.684947491248542
    },
    "A_183": {
      "ticker": "007310",
      "return_3d": -9.147869674185461,
      "return_7d": -9.488139825218479,
      "return_1m": -6.330749354005172,
      "return_1y": -5.721716514954489,
      "return_3y": -20.76502732240437,
      "return_ytd": -5.352480417754569
    },
    "A_184": {
      "ticker": "271560",
      "return_3d": -8.983799705449192,
      "return_7d": -11.397849462365595,
      "return_1m": 5.641025641025643,
      "return_1y": 14.763231197771587,
      "return_3y": 1.3114754098360715,
      "return_ytd": 19.883608147429687
    },
    "A_185": {
      "ticker": "005610",
      "return_3d": -8.085501858736055,
      "return_7d": -3.228962818003911,
      "return_1m": -2.2727272727272707,
      "return_1y": 5.100956429330505,
      "return_3y": -29.8581560283688,
      "return_ytd": -4.1666666666666625
    },
    "A_186": {
      "ticker": "101530",
      "return_3d": -9.433962264150942,
      "return_7d": -12.482468443197758,
      "return_1m": -8.370044052863435,
      "return_1y": 1.794453507340954,
      "return_3y": -7.55555555555556,
      "return_ytd": -9.696092619392182
    },
    "A_187": {
      "ticker": "005180",
      "return_3d": -11.057692307692314,
      "return_7d": -13.247362250879247,
      "return_1m": -2.37467018469657,
      "return_1y": -18.502202643171806,
      "return_3y": 85.92964824120604,
      "return_ytd": 1.5089163237311354
    },
    "A_188": {
      "ticker": "438900",
      "return_3d": -11.128775834658189,
      "return_7d": -12.003148366784732,
      "return_1m": -4.931972789115646,
      "return_1y": 4.2424242424242475,
      "return_3y": 22.31947483588621,
      "return_ytd": -3.9518900343642582
    },
    "A_090": {
      "ticker": "010140",
      "return_3d": -18.1184668989547,
      "return_7d": -20.33898305084746,
      "return_1m": -22.18543046357616,
      "return_1y": 81.7478731631864,
      "return_3y": 358.08966861598435,
      "return_ytd": -2.6915113871635588
    },
    "A_189": {
      "ticker": "009540",
      "return_3d": -16.150442477876105,
      "return_7d": -16.150442477876105,
      "return_1m": -10.295857988165679,
      "return_1y": 63.01075268817205,
      "return_3y": 396.7234600262123,
      "return_ytd": -3.684879288437104
    },
    "A_190": {
      "ticker": "329180",
      "return_3d": -13.682432432432435,
      "return_7d": -15.116279069767447,
      "return_1m": -12.798634812286691,
      "return_1y": 54.14781297134239,
      "return_3y": 370.9677419354839,
      "return_ytd": 1.388888888888884
    },
    "A_191": {
      "ticker": "010620",
      "return_3d": 0.0,
      "return_7d": 0.0,
      "return_1m": 0.0,
      "return_1y": 77.40652346857597,
      "return_3y": 146.95459579180508,
      "return_ytd": 65.79925650557621
    },
    "A_192": {
      "ticker": "042660",
      "return_3d": -22.499999999999996,
      "return_7d": -27.618412274849902,
      "return_1m": -24.337517433751742,
      "return_1y": 39.819587628865975,
      "return_3y": 510.6483565961279,
      "return_ytd": -5.405405405405405
    },
    "A_193": {
      "ticker": "017960",
      "return_3d": -10.370370370370374,
      "return_7d": -5.098039215686279,
      "return_1m": 4.160688665710177,
      "return_1y": 146.7709041468389,
      "return_3y": 245.71428571428572,
      "return_ytd": 30.810810810810807
    },
    "A_194": {
      "ticker": "033500",
      "return_3d": -14.212328767123283,
      "return_7d": -15.371621621621623,
      "return_1m": -13.321799307958482,
      "return_1y": 11.333333333333329,
      "return_3y": 128.7671232876712,
      "return_ytd": 4.158004158004158
    },
    "A_195": {
      "ticker": "014620",
      "return_3d": -15.254237288135597,
      "return_7d": -25.187032418952615,
      "return_1m": -6.103286384976525,
      "return_1y": 8.303249097472932,
      "return_3y": 147.93388429752068,
      "return_ytd": 18.577075098814234
    },
    "A_196": {
      "ticker": "023160",
      "return_3d": -16.37010676156584,
      "return_7d": -23.82495948136143,
      "return_1m": -13.443830570902392,
      "return_1y": 3.0701754385964897,
      "return_3y": 57.190635451505024,
      "return_ytd": 12.171837708830546
    },
    "A_197": {
      "ticker": "086280",
      "return_3d": -20.13769363166954,
      "return_7d": -14.074074074074073,