{
  "asOf": "2026-03-11",
  "source": "PYKRX",
  "items": {
    "A_088": {
      "ticker": "005930",
      "return_3d": 0.9564293304994642,
      "return_7d": -12.240184757505778,
      "return_1m": 12.35955056179776,
      "return_1y": 232.16783216783216,
      "return_3y": 211.47540983606555,
      "return_ytd": 47.859922178988334
    },
    "A_085": {
      "ticker": "009150",
      "return_3d": 0.3708281829418958,
      "return_7d": -9.476031215161651,
      "return_1m": 33.11475409836066,
      "return_1y": 185.71428571428572,
      "return_3y": 184.51296426068677,
      "return_ytd": 50.370370370370374
    },
    "A_091": {
      "ticker": "277810",
      "return_3d": -10.096153846153843,
      "return_7d": -13.023255813953494,
      "return_1m": -1.1889035667106973,
      "return_1y": 93.28165374677002,
      "return_3y": 856.5217391304348,
      "return_ytd": 51.57041540020264
    },
    "A_092": {
      "ticker": "058610",
      "return_3d": -0.15220700152207556,
      "return_7d": -9.266943291839558,
      "return_1m": -15.681233933161954,
      "return_1y": 361.9718309859155,
      "return_3y": 561.6238023197176,
      "return_ytd": 58.645707376058034
    },
    "A_093": {
      "ticker": "475400",
      "return_3d": 33.85826771653544,
      "return_7d": 15.803814713896447,
      "return_1m": -0.4683840749414525,
      "return_1y": 28.787878787878785,
      "return_3y": null,
      "return_ytd": 27.055306427503734
    },
    "A_094": {
      "ticker": "101170",
      "return_3d": -1.5151515151515138,
      "return_7d": -14.473684210526317,
      "return_1m": -17.388792605430393,
      "return_1y": 154.9019607843137,
      "return_3y": 102.83687943262412,
      "return_ytd": -17.62672811059908
    },
    "A_095": {
      "ticker": "049070",
      "return_3d": 4.07138873396542,
      "return_7d": -5.2791878172588795,
      "return_1m": -12.394366197183093,
      "return_1y": -4.258594150846584,
      "return_3y": -34.982578397212535,
      "return_ytd": -8.975609756097558
    },
    "A_096": {
      "ticker": "264850",
      "return_3d": -3.151862464183386,
      "return_7d": -14.86146095717884,
      "return_1m": -16.953316953316953,
      "return_1y": 27.788279773156898,
      "return_3y": 147.61904761904762,
      "return_ytd": -5.7182705718270554
    },
    "A_011": {
      "ticker": "097950",
      "return_3d": 1.6334864726901488,
      "return_7d": -6.962616822429901,
      "return_1m": -9.293849658314347,
      "return_1y": -19.065040650406505,
      "return_3y": -42.289855072463766,
      "return_ytd": -3.8164251207729483
    },
    "A_179": {
      "ticker": "103840",
      "return_3d": -0.8278145695364225,
      "return_7d": -7.131782945736431,
      "return_1m": -2.442996742671011,
      "return_1y": -4.76947535771065,
      "return_3y": 3.633217993079585,
      "return_ytd": -9.5166163141994
    },
    "A_180": {
      "ticker": "049770",
      "return_3d": 0.0,
      "return_7d": 0.0,
      "return_1m": -0.666666666666671,
      "return_1y": -0.22321428571429047,
      "return_3y": null,
      "return_ytd": 45.84013050570963
    },
    "A_181": {
      "ticker": "003230",
      "return_3d": 5.860113421550084,
      "return_7d": -8.271908271908268,
      "return_1m": 1.6333938294010864,
      "return_1y": 27.417519908987487,
      "return_3y": 811.3100081366965,
      "return_ytd": -12.225705329153602
    },
    "A_182": {
      "ticker": "004370",
      "return_3d": -0.12674271229404788,
      "return_7d": -8.372093023255811,
      "return_1m": -5.85424133811231,
      "return_1y": 12.893982808022919,
      "return_3y": 14.868804664723022,
      "return_ytd": -8.051341890315056
    },
    "A_183": {
      "ticker": "007310",
      "return_3d": 0.8174386920980936,
      "return_7d": -6.91823899371069,
      "return_1m": -5.128205128205132,
      "return_1y": -4.639175257731953,
      "return_3y": -22.26890756302521,
      "return_ytd": -3.394255874673624
    },
    "A_184": {
      "ticker": "271560",
      "return_3d": 1.976284584980248,
      "return_7d": -3.2983508245877036,
      "return_1m": 5.737704918032782,
      "return_1y": 20.78651685393258,
      "return_3y": 3.6144578313253017,
      "return_ytd": 25.121241513094073
    },
    "A_185": {
      "ticker": "005610",
      "return_3d": -0.39292730844793233,
      "return_7d": -5.586592178770955,
      "return_1m": 1.603206412825653,
      "return_1y": 4.53608247422681,
      "return_3y": -30.165289256198346,
      "return_ytd": -1.744186046511631
    },
    "A_186": {
      "ticker": "101530",
      "return_3d": 0.3076923076922977,
      "return_7d": -4.398826979472137,
      "return_1m": -5.507246376811592,
      "return_1y": 6.016260162601617,
      "return_3y": -4.5387994143484605,
      "return_ytd": -5.643994211287984
    },
    "A_187": {
      "ticker": "005180",
      "return_3d": -0.13089005235602524,
      "return_7d": -6.8376068376068355,
      "return_1m": -1.8018018018018056,
      "return_1y": -18.656716417910445,
      "return_3y": 84.96969696969697,
      "return_ytd": 4.663923182441709
    },
    "A_188": {
      "ticker": "438900",
      "return_3d": 1.8421052631578894,
      "return_7d": -6.709521896343917,
      "return_1m": -3.088480801335558,
      "return_1y": 6.680143342828271,
      "return_3y": 25.649350649350655,
      "return_ytd": -0.2577319587628857
    },
    "A_090": {
      "ticker": "010140",
      "return_3d": 4.347826086956519,
      "return_7d": -0.5181347150259086,
      "return_1m": -1.538461538461533,
      "return_1y": 91.36212624584718,
      "return_3y": 397.40932642487047,
      "return_ytd": 19.254658385093173
    },
    "A_189": {
      "ticker": "009540",
      "return_3d": 4.477611940298498,
      "return_7d": -6.666666666666665,
      "return_1m": -1.0600706713780883,
      "return_1y": 87.91946308724832,
      "return_3y": 427.6381909547739,
      "return_ytd": 6.7344345616264345
    },
    "A_190": {
      "ticker": "329180",
      "return_3d": 6.498194945848379,
      "return_7d": -2.1558872305140975,
      "return_1m": 1.2006861063464935,
      "return_1y": 91.55844155844154,
      "return_3y": 432.4909747292419,
      "return_ytd": 17.06349206349207
    },
    "A_191": {
      "ticker": "010620",
      "return_3d": 0.0,
      "return_7d": 0.0,
      "return_1m": 0.0,
      "return_1y": 77.40652346857597,
      "return_3y": 146.95459579180508,
      "return_ytd": 65.79925650557621
    },
    "A_192": {
      "ticker": "042660",
      "return_3d": 5.445935280189418,
      "return_7d": -5.3824362606232246,
      "return_1m": -7.222222222222219,
      "return_1y": 77.65957446808511,
      "return_3y": 552.4074616661784,
      "return_ytd": 16.47776809067132
    },
    "A_193": {
      "ticker": "017960",
      "return_3d": 12.67942583732058,
      "return_7d": 12.410501193317414,
      "return_1m": 34.957020057306586,
      "return_1y": 188.77988963825874,
      "return_3y": 292.5,
      "return_ytd": 69.72972972972973
    },
    "A_194": {
      "ticker": "033500",
      "return_3d": 7.6612903225806495,
      "return_7d": -9.33786078098472,
      "return_1m": -7.612456747404838,
      "return_1y": 11.715481171548126,
      "return_3y": 133.5958005249344,
      "return_ytd": 11.018711018711013
    },
    "A_195": {
      "ticker": "014620",
      "return_3d": -5.029585798816571,
      "return_7d": -8.285714285714285,
      "return_1m": -1.2307692307692353,
      "return_1y": 13.628318584070787,
      "return_3y": 143.92097264437692,
      "return_ytd": 26.877470355731226
    },
    "A_196": {
      "ticker": "023160",
      "return_3d": 10.116731517509736,
      "return_7d": 0.5328596802841812,
      "return_1m": 1.6157989228007263,
      "return_1y": 26.62192393736018,
      "return_3y": 73.83292383292384,
      "return_ytd": 35.083532219570415
    },
    "A_197": {
      "ticker": "086280",
      "return_3d": -2.8747433264887046,
      "return_7d": -18.307426597582033,
      "return_1m": -5.776892430278879,