{
  "asOf": "2026-03-09",
  "source": "PYKRX",
  "items": {
    "A_088": {
      "ticker": "005930",
      "return_3d": 0.7549361207897842,
      "return_7d": -14.742014742014742,
      "return_1m": 15.359042553191493,
      "return_1y": 198.10996563573883,
      "return_3y": 168.57585139318886,
      "return_ytd": 35.0194552529183
    },
    "A_085": {
      "ticker": "009150",
      "return_3d": 5.3793103448275925,
      "return_7d": -17.849462365591396,
      "return_1m": 34.98233215547704,
      "return_1y": 166.75977653631287,
      "return_3y": 154.83655770513676,
      "return_ytd": 41.481481481481474
    },
    "A_091": {
      "ticker": "277810",
      "return_3d": 4.971590909090917,
      "return_7d": -6.218274111675126,
      "return_1m": 3.7921348314606806,
      "return_1y": 82.6946847960445,
      "return_3y": 816.8734491315137,
      "return_ytd": 49.746707193515704
    },
    "A_092": {
      "ticker": "058610",
      "return_3d": 18.173431734317337,
      "return_7d": -13.034623217922602,
      "return_1m": -13.737373737373737,
      "return_1y": 344.0207972270364,
      "return_3y": 563.7305699481865,
      "return_ytd": 54.897218863361545
    },
    "A_093": {
      "ticker": "475400",
      "return_3d": 10.58394160583942,
      "return_7d": -21.604139715394567,
      "return_1m": -25.0,
      "return_1y": -14.406779661016945,
      "return_3y": null,
      "return_ytd": -9.4170403587444
    },
    "A_094": {
      "ticker": "101170",
      "return_3d": 13.164349959116928,
      "return_7d": -16.57625075346595,
      "return_1m": -21.31893121091529,
      "return_1y": 147.14285714285717,
      "return_3y": 96.03399433427762,
      "return_ytd": -20.276497695852534
    },
    "A_095": {
      "ticker": "049070",
      "return_3d": 12.80884265279585,
      "return_7d": -14.950980392156865,
      "return_1m": -15.365853658536588,
      "return_1y": -13.249999999999995,
      "return_3y": -41.87604690117253,
      "return_ytd": -15.365853658536588
    },
    "A_096": {
      "ticker": "264850",
      "return_3d": 7.89915966386554,
      "return_7d": -22.650602409638555,
      "return_1m": -24.736225087924968,
      "return_1y": 16.727272727272723,
      "return_3y": 139.55223880597015,
      "return_ytd": -10.460251046025103
    },
    "A_011": {
      "ticker": "097950",
      "return_3d": -0.15764582238571023,
      "return_7d": -13.439635535307515,
      "return_1m": -9.738717339667458,
      "return_1y": -23.38709677419355,
      "return_3y": -46.09929078014184,
      "return_ytd": -8.212560386473433
    },
    "A_179": {
      "ticker": "103840",
      "return_3d": 5.178571428571432,
      "return_7d": -10.486322188449847,
      "return_1m": -0.6745362563237767,
      "return_1y": -2.321724709784412,
      "return_3y": 3.69718309859155,
      "return_ytd": -11.027190332326287
    },
    "A_180": {
      "ticker": "049770",
      "return_3d": 0.0,
      "return_7d": 0.0,
      "return_1m": -0.666666666666671,
      "return_1y": -0.22321428571429047,
      "return_3y": null,
      "return_ytd": 45.84013050570963
    },
    "A_181": {
      "ticker": "003230",
      "return_3d": -1.7307692307692357,
      "return_7d": -17.779565567176192,
      "return_1m": -7.090909090909092,
      "return_1y": 12.803532008830022,
      "return_3y": 755.2301255230125,
      "return_ytd": -19.905956112852664
    },
    "A_182": {
      "ticker": "004370",
      "return_3d": -0.12919896640827266,
      "return_7d": -13.82385730211817,
      "return_1m": -4.331683168316836,
      "return_1y": 10.42857142857143,
      "return_3y": 13.343108504398838,
      "return_ytd": -9.801633605600934
    },
    "A_183": {
      "ticker": "007310",
      "return_3d": -1.379310344827589,
      "return_7d": -12.16216216216216,
      "return_1m": -5.672823218997358,
      "return_1y": -8.917197452229297,
      "return_3y": -23.936170212765962,
      "return_ytd": -6.657963446475201
    },
    "A_184": {
      "ticker": "271560",
      "return_3d": 1.9417475728155331,
      "return_7d": -10.63829787234043,
      "return_1m": 6.960950764006801,
      "return_1y": 16.666666666666675,
      "return_3y": 1.1235955056179803,
      "return_ytd": 22.21144519883609
    },
    "A_185": {
      "ticker": "005610",
      "return_3d": 0.30333670374114163,
      "return_7d": -5.343511450381677,
      "return_1m": -1.195219123505975,
      "return_1y": 3.765690376569042,
      "return_3y": -31.301939058171747,
      "return_ytd": -3.875968992248058
    },
    "A_186": {
      "ticker": "101530",
      "return_3d": 2.564102564102555,
      "return_7d": -9.6045197740113,
      "return_1m": -4.191616766467066,
      "return_1y": 1.9108280254777066,
      "return_3y": -5.882352941176472,
      "return_ytd": -7.38060781476122
    },
    "A_187": {
      "ticker": "005180",
      "return_3d": -0.6756756756756799,
      "return_7d": -13.732394366197187,
      "return_1m": -1.342281879194629,
      "return_1y": -18.6046511627907,
      "return_3y": 78.39805825242718,
      "return_ytd": 0.8230452674897082
    },
    "A_188": {
      "ticker": "438900",
      "return_3d": -1.207513416815742,
      "return_7d": -14.18026418026418,
      "return_1m": -4.330879168471203,
      "return_1y": 0.8491599707815878,
      "return_3y": 20.093508752854184,
      "return_ytd": -5.111683848797255
    },
    "A_090": {
      "ticker": "010140",
      "return_3d": 21.489361702127653,
      "return_7d": -1.3816925734024155,
      "return_1m": 4.197080291970812,
      "return_1y": 113.53777112939416,
      "return_3y": 442.7756653992396,
      "return_ytd": 18.219461697722572
    },
    "A_189": {
      "ticker": "009540",
      "return_3d": 5.54089709762533,
      "return_7d": -14.438502673796794,
      "return_1m": -0.37359900373599153,
      "return_1y": 86.91588785046729,
      "return_3y": 407.61421319796955,
      "return_ytd": 1.6518424396442244
    },
    "A_190": {
      "ticker": "329180",
      "return_3d": 12.720156555772988,
      "return_7d": -3.0303030303030276,
      "return_1m": 4.918032786885251,
      "return_1y": 91.36212624584718,
      "return_3y": 408.3848190644307,
      "return_ytd": 14.28571428571428
    },
    "A_191": {
      "ticker": "010620",
      "return_3d": 0.0,
      "return_7d": 0.0,
      "return_1m": 0.0,
      "return_1y": 77.40652346857597,
      "return_3y": 146.95459579180508,
      "return_ytd": 65.79925650557621
    },
    "A_192": {
      "ticker": "042660",
      "return_3d": 14.009216589861762,
      "return_7d": -12.887323943661977,
      "return_1m": -7.410179640718562,
      "return_1y": 69.45205479452055,
      "return_3y": 561.4619539062082,
      "return_ytd": 7.8465562336530015
    },
    "A_193": {
      "ticker": "017960",
      "return_3d": 23.27823691460056,
      "return_7d": 9.013398294762487,
      "return_1m": 40.062597809076685,
      "return_1y": 190.77322936972058,
      "return_3y": 289.808362369338,
      "return_ytd": 61.261261261261254
    },
    "A_194": {
      "ticker": "033500",
      "return_3d": 4.191616766467066,
      "return_7d": -13.0,
      "return_1m": -1.8796992481203034,
      "return_1y": 23.990498812351536,
      "return_3y": 129.55145118733512,
      "return_ytd": 8.523908523908519
    },
    "A_195": {
      "ticker": "014620",
      "return_3d": 19.500000000000007,
      "return_7d": -1.7808219178082174,
      "return_1m": 15.273311897106101,
      "return_1y": 38.15028901734103,
      "return_3y": 175.55726364335123,
      "return_ytd": 41.69960474308301
    },
    "A_196": {
      "ticker": "023160",
      "return_3d": 24.255319148936174,
      "return_7d": 0.6896551724137945,
      "return_1m": 11.45038167938932,
      "return_1y": 33.029612756264235,
      "return_3y": 81.70504044803984,
      "return_ytd": 39.379474940334134
    },
    "A_197": {
      "ticker": "086280",
      "return_3d": -2.370689655172409,
      "return_7d": -19.25133689839572,
      "return_1m": -7.926829268292678,