{
  "asOf": "2026-03-06",
  "source": "PYKRX",
  "items": {
    "A_088": {
      "ticker": "005930",
      "return_3d": -3.536647872885701,
      "return_7d": -5.900000000000006,
      "return_1m": 17.258566978193144,
      "return_1y": 222.26027397260273,
      "return_3y": 194.5226917057903,
      "return_ytd": 46.45914396887159
    },
    "A_085": {
      "ticker": "009150",
      "return_3d": -1.1002444987775029,
      "return_7d": -9.304932735426007,
      "return_1m": 44.982078853046595,
      "return_1y": 181.0979847116053,
      "return_3y": 175.1700680272109,
      "return_ytd": 49.814814814814824
    },
    "A_091": {
      "ticker": "277810",
      "return_3d": -0.952380952380949,
      "return_7d": 14.128943758573387,
      "return_1m": 14.28571428571428,
      "return_1y": 110.36662452591655,
      "return_3y": 965.3008962868117,
      "return_ytd": 68.59169199594733
    },
    "A_092": {
      "ticker": "058610",
      "return_3d": -2.522255192878342,
      "return_7d": -0.9049773755656076,
      "return_1m": -14.508783344176967,
      "return_1y": 353.8860103626943,
      "return_3y": 594.1362916006339,
      "return_ytd": 58.887545344619106
    },
    "A_093": {
      "ticker": "475400",
      "return_3d": -5.223880597014929,
      "return_7d": -9.672830725462301,
      "return_1m": -24.49464922711059,
      "return_1y": -11.436541143654111,
      "return_3y": null,
      "return_ytd": -5.082212257100149
    },
    "A_094": {
      "ticker": "101170",
      "return_3d": -4.973821989528792,
      "return_7d": -8.679245283018865,
      "return_1m": -27.035175879396988,
      "return_1y": 159.2857142857143,
      "return_3y": 107.13266761768901,
      "return_ytd": -16.359447004608295
    },
    "A_095": {
      "ticker": "049070",
      "return_3d": -1.2121212121212088,
      "return_7d": -11.891891891891893,
      "return_1m": -18.684807256235825,
      "return_1y": -11.017369727047143,
      "return_3y": -39.323181049069376,
      "return_ytd": -12.536585365853659
    },
    "A_096": {
      "ticker": "264850",
      "return_3d": -4.383561643835621,
      "return_7d": -10.627400768245842,
      "return_1m": -18.171160609613136,
      "return_1y": 25.76576576576577,
      "return_3y": 160.93457943925236,
      "return_ytd": -2.649930264993028
    },
    "A_011": {
      "ticker": "097950",
      "return_3d": -5.590361445783132,
      "return_7d": -10.75170842824601,
      "return_1m": -8.24355971896955,
      "return_1y": -21.482965931863728,
      "return_3y": -42.886297376093296,
      "return_ytd": -5.3623188405797055
    },
    "A_179": {
      "ticker": "103840",
      "return_3d": -1.788617886178867,
      "return_7d": -10.518518518518515,
      "return_1m": -0.49423393739703725,
      "return_1y": 0.6666666666666599,
      "return_3y": 6.7137809187279185,
      "return_ytd": -8.761329305135956
    },
    "A_180": {
      "ticker": "049770",
      "return_3d": 0.0,
      "return_7d": 0.0,
      "return_1m": -0.666666666666671,
      "return_1y": -0.22321428571429047,
      "return_3y": null,
      "return_ytd": 45.84013050570963
    },
    "A_181": {
      "ticker": "003230",
      "return_3d": -9.726962457337883,
      "return_7d": -14.123376623376627,
      "return_1m": -10.33898305084746,
      "return_1y": 20.227272727272737,
      "return_3y": 782.4020016680568,
      "return_ytd": -17.084639498432598
    },
    "A_182": {
      "ticker": "004370",
      "return_3d": -5.847255369928406,
      "return_7d": -12.91390728476821,
      "return_1m": -3.1901840490797584,
      "return_1y": 12.393162393162394,
      "return_3y": 15.350877192982448,
      "return_ytd": -7.934655775962662
    },
    "A_183": {
      "ticker": "007310",
      "return_3d": -5.534105534105538,
      "return_7d": -10.705596107055959,
      "return_1m": -4.922279792746109,
      "return_1y": -6.970849176172367,
      "return_3y": -21.244635193133043,
      "return_ytd": -4.177545691906004
    },
    "A_184": {
      "ticker": "271560",
      "return_3d": -3.5823170731707266,
      "return_7d": -7.933042212518194,
      "return_1m": 7.659574468085117,
      "return_1y": 14.89554950045413,
      "return_3y": 2.5952960259529645,
      "return_ytd": 22.696411251212425
    },
    "A_185": {
      "ticker": "005610",
      "return_3d": -3.598484848484851,
      "return_7d": -1.9267822736030782,
      "return_1m": 0.7920792079207928,
      "return_1y": 5.8212058212058215,
      "return_3y": -28.309859154929573,
      "return_ytd": -1.3565891472868241
    },
    "A_186": {
      "ticker": "101530",
      "return_3d": -2.4024024024024038,
      "return_7d": -10.096818810511754,
      "return_1m": -5.660377358490565,
      "return_1y": 4.669887278582929,
      "return_3y": -4.411764705882348,
      "return_ytd": -5.933429811866864
    },
    "A_187": {
      "ticker": "005180",
      "return_3d": -2.3017902813299185,
      "return_7d": -11.676300578034681,
      "return_1m": 2.1390374331550888,
      "return_1y": -15.29933481152993,
      "return_3y": 86.79706601466992,
      "return_ytd": 4.80109739368999
    },
    "A_188": {
      "ticker": "438900",
      "return_3d": -5.2369077306733125,
      "return_7d": -11.696359411309064,
      "return_1m": -3.3488766426451932,
      "return_1y": 4.798676227247656,
      "return_3y": 24.60378183408023,
      "return_ytd": -2.0618556701030966
    },
    "A_090": {
      "ticker": "010140",
      "return_3d": -1.4285714285714235,
      "return_7d": -4.82758620689655,
      "return_1m": -6.281833616298815,
      "return_1y": 103.09050772626934,
      "return_3y": 433.84912959381046,
      "return_ytd": 14.28571428571428
    },
    "A_189": {
      "ticker": "009540",
      "return_3d": -8.946772366930922,
      "return_7d": -12.131147540983612,
      "return_1m": -2.781136638452242,
      "return_1y": 84.82758620689654,
      "return_3y": 422.7568270481144,
      "return_ytd": 2.1601016518424387
    },
    "A_190": {
      "ticker": "329180",
      "return_3d": -6.101694915254241,
      "return_7d": -7.0469798657718075,
      "return_1m": -3.652173913043477,
      "return_1y": 81.34206219312603,
      "return_3y": 412.4884366327475,
      "return_ytd": 9.92063492063493
    },
    "A_191": {
      "ticker": "010620",
      "return_3d": 0.0,
      "return_7d": 0.0,
      "return_1m": 0.0,
      "return_1y": 77.40652346857597,
      "return_3y": 146.95459579180508,
      "return_ytd": 65.79925650557621
    },
    "A_192": {
      "ticker": "042660",
      "return_3d": -6.425406203840478,
      "return_7d": -11.460517120894476,
      "return_1m": -8.519855595667869,
      "return_1y": 73.7997256515775,
      "return_3y": 599.1116261104673,
      "return_ytd": 10.462074978204017
    },
    "A_193": {
      "ticker": "017960",
      "return_3d": 2.9556650246305383,
      "return_7d": 0.7228915662650603,
      "return_1m": 23.485967503692763,
      "return_1y": 182.62339418526034,
      "return_3y": 275.56154537286614,
      "return_ytd": 50.63063063063063
    },
    "A_194": {
      "ticker": "033500",
      "return_3d": -15.789473684210531,
      "return_7d": -19.611021069692057,
      "return_1m": -12.522045855379194,
      "return_1y": 21.568627450980383,
      "return_3y": 119.66341895482726,
      "return_ytd": 3.1185031185031242
    },
    "A_195": {
      "ticker": "014620",
      "return_3d": -1.8867924528301883,
      "return_7d": -10.582010582010582,
      "return_1m": 3.522205206738138,
      "return_1y": 30.754352030947786,
      "return_3y": 169.10828025477707,
      "return_ytd": 33.59683794466404
    },
    "A_196": {
      "ticker": "023160",
      "return_3d": -4.814814814814817,
      "return_7d": -13.90284757118928,
      "return_1m": -9.824561403508769,
      "return_1y": 20.09345794392523,
      "return_3y": 64.3222506393862,
      "return_ytd": 22.67303102625298
    },
    "A_197": {
      "ticker": "086280",
      "return_3d": -6.165703275529866,
      "return_7d": -9.647495361781077,