{
  "asOf": "2026-03-12",
  "source": "PYKRX",
  "items": {
    "A_088": {
      "ticker": "005930",
      "return_3d": 8.299711815561949,
      "return_7d": -3.690415171706818,
      "return_1m": 17.953546767106097,
      "return_1y": 231.97879858657245,
      "return_3y": 204.0453074433657,
      "return_ytd": 46.22568093385213
    },
    "A_085": {
      "ticker": "009150",
      "return_3d": 4.581151832460728,
      "return_7d": -2.3227383863080653,
      "return_1m": 37.75862068965517,
      "return_1y": 183.13253012048193,
      "return_3y": 176.66204986149583,
      "return_ytd": 47.96296296296296
    },
    "A_091": {
      "ticker": "277810",
      "return_3d": 2.841677943166432,
      "return_7d": -9.523809523809524,
      "return_1m": 6.891701828410679,
      "return_1y": 96.63648124191462,
      "return_3y": 871.8670076726343,
      "return_ytd": 54.002026342451884
    },
    "A_092": {
      "ticker": "058610",
      "return_3d": 2.4199843871975046,
      "return_7d": -2.670623145400597,
      "return_1m": -11.709286675639296,
      "return_1y": 361.9718309859155,
      "return_3y": 562.6262626262626,
      "return_ytd": 58.645707376058034
    },
    "A_093": {
      "ticker": "475400",
      "return_3d": 38.44884488448845,
      "return_7d": 25.223880597014926,
      "return_1m": 3.7082818294190467,
      "return_1y": 31.093750000000007,
      "return_3y": null,
      "return_ytd": 25.411061285500747
    },
    "A_094": {
      "ticker": "101170",
      "return_3d": 0.5780346820809301,
      "return_7d": -8.900523560209429,
      "return_1m": -16.346153846153843,
      "return_1y": 141.24783362218372,
      "return_3y": 98.2905982905983,
      "return_ytd": -19.81566820276498
    },
    "A_095": {
      "ticker": "049070",
      "return_3d": 4.899135446685876,
      "return_7d": 0.2754820936639035,
      "return_1m": -9.452736318407961,
      "return_1y": -6.952965235173824,
      "return_3y": -36.58536585365854,
      "return_ytd": -11.21951219512195
    },
    "A_096": {
      "ticker": "264850",
      "return_3d": 3.738317757009346,
      "return_7d": -8.76712328767123,
      "return_1m": -14.064516129032256,
      "return_1y": 25.897920604914937,
      "return_3y": 145.75645756457564,
      "return_ytd": -7.1129707112970735
    },
    "A_011": {
      "ticker": "097950",
      "return_3d": 6.052631578947376,
      "return_7d": -2.8915662650602414,
      "return_1m": -8.823529411764708,
      "return_1y": -18.585858585858585,
      "return_3y": -41.42441860465116,
      "return_ytd": -2.657004830917875
    },
    "A_179": {
      "ticker": "103840",
      "return_3d": 0.5093378607809784,
      "return_7d": -3.7398373983739797,
      "return_1m": -3.109656301145658,
      "return_1y": -7.499999999999996,
      "return_3y": 2.777777777777768,
      "return_ytd": -10.574018126888218
    },
    "A_180": {
      "ticker": "049770",
      "return_3d": 0.0,
      "return_7d": 0.0,
      "return_1m": -0.666666666666671,
      "return_1y": -0.22321428571429047,
      "return_3y": null,
      "return_ytd": 45.84013050570963
    },
    "A_181": {
      "ticker": "003230",
      "return_3d": 5.185909980430536,
      "return_7d": -8.276450511945388,
      "return_1m": -0.09293680297397522,
      "return_1y": 22.716894977168955,
      "return_3y": 792.8571428571429,
      "return_ytd": -15.752351097178686
    },
    "A_182": {
      "ticker": "004370",
      "return_3d": -3.2341526520051733,
      "return_7d": -10.739856801909308,
      "return_1m": -12.20657276995305,
      "return_1y": 7.163323782234965,
      "return_3y": 11.309523809523814,
      "return_ytd": -12.718786464410737
    },
    "A_183": {
      "ticker": "007310",
      "return_3d": 5.314685314685308,
      "return_7d": -3.0888030888030937,
      "return_1m": -3.7084398976982125,
      "return_1y": -4.076433121019107,
      "return_3y": -19.8936170212766,
      "return_ytd": -1.6971279373368175
    },
    "A_184": {
      "ticker": "271560",
      "return_3d": 3.2539682539682646,
      "return_7d": -0.838414634146345,
      "return_1m": 5.4294975688816915,
      "return_1y": 25.216554379210777,
      "return_3y": 3.8308060654429266,
      "return_ytd": 26.18816682832201
    },
    "A_185": {
      "ticker": "005610",
      "return_3d": 4.435483870967749,
      "return_7d": -1.8939393939393923,
      "return_1m": 2.371541501976293,
      "return_1y": 0.974658869395717,
      "return_3y": -28.354080221300137,
      "return_ytd": 0.3875968992248069
    },
    "A_186": {
      "ticker": "101530",
      "return_3d": 1.8750000000000044,
      "return_7d": -2.102102102102099,
      "return_1m": -6.187050359712232,
      "return_1y": 4.65489566613162,
      "return_3y": -4.678362573099415,
      "return_ytd": -5.643994211287984
    },
    "A_187": {
      "ticker": "005180",
      "return_3d": 4.8979591836734615,
      "return_7d": -1.406649616368283,
      "return_1m": -1.9083969465648831,
      "return_1y": -17.18582169709989,
      "return_3y": 84.2293906810036,
      "return_ytd": 5.7613168724279795
    },
    "A_188": {
      "ticker": "438900",
      "return_3d": 3.8026256224535926,
      "return_7d": -4.696591853699084,
      "return_1m": -4.45833333333333,
      "return_1y": 5.396212539069678,
      "return_3y": 25.136433093211096,
      "return_ytd": -1.5034364261168331
    },
    "A_090": {
      "ticker": "010140",
      "return_3d": 8.056042031523635,
      "return_7d": 10.178571428571438,
      "return_1m": 9.786476868327409,
      "return_1y": 106.35451505016724,
      "return_3y": 425.5536626916525,
      "return_ytd": 27.743271221532083
    },
    "A_189": {
      "ticker": "009540",
      "return_3d": 6.25,
      "return_7d": -3.737259343148358,
      "return_1m": 3.9119804400977953,
      "return_1y": 91.01123595505618,
      "return_3y": 429.92518703241893,
      "return_ytd": 8.005082592121981
    },
    "A_190": {
      "ticker": "329180",
      "return_3d": 4.861111111111116,
      "return_7d": 2.3728813559322104,
      "return_1m": 9.818181818181815,
      "return_1y": 105.44217687074831,
      "return_3y": 442.67744833782564,
      "return_ytd": 19.84126984126984
    },
    "A_191": {
      "ticker": "010620",
      "return_3d": 0.0,
      "return_7d": 0.0,
      "return_1m": 0.0,
      "return_1y": 77.40652346857597,
      "return_3y": 146.95459579180508,
      "return_ytd": 65.79925650557621
    },
    "A_192": {
      "ticker": "042660",
      "return_3d": 10.509296685529513,
      "return_7d": 0.9601181683899451,
      "return_1m": 0.8112094395280156,
      "return_1y": 88.55172413793105,
      "return_3y": 554.7875652632083,
      "return_ytd": 19.180470793374017
    },
    "A_193": {
      "ticker": "017960",
      "return_3d": 6.815642458100557,
      "return_7d": 17.733990147783253,
      "return_1m": 39.562043795620426,
      "return_1y": 202.91508238276302,
      "return_3y": 305.08474576271186,
      "return_ytd": 72.25225225225225
    },
    "A_194": {
      "ticker": "033500",
      "return_3d": 5.555555555555558,
      "return_7d": -6.451612903225811,
      "return_1m": -3.3333333333333326,
      "return_1y": 19.00647948164147,
      "return_3y": 143.8053097345133,
      "return_ytd": 14.553014553014542
    },
    "A_195": {
      "ticker": "014620",
      "return_3d": 0.1394700139470073,
      "return_7d": 4.208998548621201,
      "return_1m": 13.249211356466883,
      "return_1y": 28.44364937388193,
      "return_3y": 175.9415833973866,
      "return_ytd": 41.89723320158103
    },
    "A_196": {
      "ticker": "023160",
      "return_3d": 10.273972602739722,
      "return_7d": 19.259259259259267,
      "return_1m": 15.827338129496393,
      "return_1y": 40.91903719912473,
      "return_3y": 102.13433772755805,
      "return_ytd": 53.69928400954653
    },
    "A_197": {
      "ticker": "086280",
      "return_3d": 1.9867549668874274,
      "return_7d": -10.982658959537572,
      "return_1m": -4.149377593360992,