{
  "asOf": "2026-03-17",
  "source": "PYKRX",
  "items": {
    "A_088": {
      "ticker": "005930",
      "return_3d": 3.1931878658861157,
      "return_7d": 3.028692879914985,
      "return_1m": 16.948130277442708,
      "return_1y": 255.77981651376146,
      "return_3y": 214.77272727272728,
      "return_ytd": 50.89494163424124
    },
    "A_085": {
      "ticker": "009150",
      "return_3d": 11.764705882352944,
      "return_7d": 10.383189122373304,
      "return_1m": 42.42424242424243,
      "return_1y": 226.38888888888889,
      "return_3y": 205.82191780821918,
      "return_ytd": 65.37037037037037
    },
    "A_091": {
      "ticker": "277810",
      "return_3d": -5.13157894736842,
      "return_7d": -13.341346153846157,
      "return_1m": 7.93413173652695,
      "return_1y": 108.98550724637684,
      "return_3y": 851.1873350923483,
      "return_ytd": 46.09929078014186
    },
    "A_092": {
      "ticker": "058610",
      "return_3d": -4.72560975609756,
      "return_7d": -4.87062404870624,
      "return_1m": -6.156156156156156,
      "return_1y": 386.3813229571984,
      "return_3y": 575.310642895732,
      "return_ytd": 51.14873035066505
    },
    "A_093": {
      "ticker": "475400",
      "return_3d": -10.846245530393329,
      "return_7d": 17.795275590551185,
      "return_1m": -4.834605597964381,
      "return_1y": 27.64505119453924,
      "return_3y": null,
      "return_ytd": 11.808669656203286
    },
    "A_094": {
      "ticker": "101170",
      "return_3d": 1.2212643678160884,
      "return_7d": -2.9614325068870517,
      "return_1m": -14.657783161720172,
      "return_1y": 159.48434622467772,
      "return_3y": 107.51104565537557,
      "return_ytd": -18.836405529953915
    },
    "A_095": {
      "ticker": "049070",
      "return_3d": -1.4285714285714235,
      "return_7d": 0.0557724484104849,
      "return_1m": -13.749999999999996,
      "return_1y": 0.22346368715084886,
      "return_3y": -36.94200351493849,
      "return_ytd": -12.487804878048781
    },
    "A_096": {
      "ticker": "264850",
      "return_3d": -0.45045045045044585,
      "return_7d": -5.014326647564471,
      "return_1m": -15.756035578144855,
      "return_1y": 34.210526315789465,
      "return_3y": 147.38805970149252,
      "return_ytd": -7.531380753138073
    },
    "A_011": {
      "ticker": "097950",
      "return_3d": 0.7444168734491274,
      "return_7d": 3.6242981112812656,
      "return_1m": -11.159737417943106,
      "return_1y": -15.416666666666668,
      "return_3y": -41.498559077809794,
      "return_ytd": -1.9323671497584516
    },
    "A_179": {
      "ticker": "103840",
      "return_3d": 1.858108108108114,
      "return_7d": -0.16556291390728006,
      "return_1m": -3.6741214057507965,
      "return_1y": -0.658978583196046,
      "return_3y": 5.604203152364273,
      "return_ytd": -8.912386706948638
    },
    "A_180": {
      "ticker": "049770",
      "return_3d": 0.0,
      "return_7d": 0.0,
      "return_1m": -0.666666666666671,
      "return_1y": -0.22321428571429047,
      "return_3y": null,
      "return_ytd": 45.84013050570963
    },
    "A_181": {
      "ticker": "003230",
      "return_3d": 0.6511627906976791,
      "return_7d": 2.2684310018903586,
      "return_1m": -5.749128919860624,
      "return_1y": 26.995305164319248,
      "return_3y": 804.6822742474916,
      "return_ytd": -15.203761755485889
    },
    "A_182": {
      "ticker": "004370",
      "return_3d": -0.40106951871657914,
      "return_7d": -5.576679340937895,
      "return_1m": -15.62853907134768,
      "return_1y": 9.720176730486019,
      "return_3y": 11.861861861861867,
      "return_ytd": -13.068844807467917
    },
    "A_183": {
      "ticker": "007310",
      "return_3d": -1.726427622841964,
      "return_7d": 0.8174386920980936,
      "return_1m": -6.091370558375631,
      "return_1y": -4.516129032258065,
      "return_3y": -21.024546424759873,
      "return_ytd": -3.394255874673624
    },
    "A_184": {
      "ticker": "271560",
      "return_3d": 0.768639508070712,
      "return_7d": 3.6363636363636376,
      "return_1m": 2.262090483619339,
      "return_1y": 27.281553398058243,
      "return_3y": 7.2831423895253655,
      "return_ytd": 27.158098933074683
    },
    "A_185": {
      "ticker": "005610",
      "return_3d": 1.3513513513513598,
      "return_7d": 3.143418467583503,
      "return_1m": 2.1400778210116655,
      "return_1y": 5.740181268882183,
      "return_3y": -27.28531855955678,
      "return_ytd": 1.744186046511631
    },
    "A_186": {
      "ticker": "101530",
      "return_3d": 1.8404907975460016,
      "return_7d": 2.1538461538461506,
      "return_1m": -5.681818181818176,
      "return_1y": 10.299003322259125,
      "return_3y": -5.278174037089867,
      "return_ytd": -3.907380607814759
    },
    "A_187": {
      "ticker": "005180",
      "return_3d": 1.4267185473411104,
      "return_7d": 2.3560209424083878,
      "return_1m": -2.857142857142858,
      "return_1y": -19.464469618949533,
      "return_3y": 85.30805687203791,
      "return_ytd": 7.270233196159115
    },
    "A_188": {
      "ticker": "438900",
      "return_3d": -0.1308329699084121,
      "return_7d": 0.43859649122806044,
      "return_1m": -8.21643286573146,
      "return_1y": 6.07745043542709,
      "return_3y": 24.44299532659493,
      "return_ytd": -1.632302405498287
    },
    "A_090": {
      "ticker": "010140",
      "return_3d": -5.510534846029169,
      "return_7d": 5.615942028985499,
      "return_1m": 4.667863554757634,
      "return_1y": 104.70505617977528,
      "return_3y": 406.0763888888889,
      "return_ytd": 20.703933747412016
    },
    "A_189": {
      "ticker": "009540",
      "return_3d": -1.17647058823529,
      "return_7d": 4.477611940298498,
      "return_1m": 9.947643979057585,
      "return_1y": 78.343949044586,
      "return_3y": 415.3374233128834,
      "return_ytd": 6.7344345616264345
    },
    "A_190": {
      "ticker": "329180",
      "return_3d": -2.814569536423839,
      "return_7d": 5.956678700361007,
      "return_1m": 9.925093632958792,
      "return_1y": 86.64546899841017,
      "return_3y": 430.74141048824595,
      "return_ytd": 16.468253968253975
    },
    "A_191": {
      "ticker": "010620",
      "return_3d": 0.0,
      "return_7d": 0.0,
      "return_1m": 0.0,
      "return_1y": 77.40652346857597,
      "return_3y": 146.95459579180508,
      "return_ytd": 65.79925650557621
    },
    "A_192": {
      "ticker": "042660",
      "return_3d": -2.9261155815654694,
      "return_7d": 4.735595895816891,
      "return_1m": 1.3750954927425507,
      "return_1y": 55.93419506462985,
      "return_3y": 513.4430473372781,
      "return_ytd": 15.693112467306026
    },
    "A_193": {
      "ticker": "017960",
      "return_3d": 1.778242677824271,
      "return_7d": 16.38755980861244,
      "return_1m": 43.72230428360413,
      "return_1y": 219.01639344262293,
      "return_3y": 309.8567818028644,
      "return_ytd": 75.31531531531532
    },
    "A_194": {
      "ticker": "033500",
      "return_3d": 0.1814882032667775,
      "return_7d": 11.290322580645151,
      "return_1m": -1.4285714285714235,
      "return_1y": 21.052631578947366,
      "return_3y": 143.60105913503972,
      "return_ytd": 14.760914760914767
    },
    "A_195": {
      "ticker": "014620",
      "return_3d": -8.07799442896936,
      "return_7d": -2.3668639053254448,
      "return_1m": 1.85185185185186,
      "return_1y": 13.793103448275868,
      "return_3y": 158.6206896551724,
      "return_ytd": 30.434782608695656
    },
    "A_196": {
      "ticker": "023160",
      "return_3d": -10.403726708074535,
      "return_7d": 12.256809338521402,
      "return_1m": 0.5226480836237002,
      "return_1y": 15.169660678642716,
      "return_3y": 84.58093410108765,
      "return_ytd": 37.70883054892602
    },
    "A_197": {
      "ticker": "086280",
      "return_3d": -0.8658008658008698,
      "return_7d": -5.954825462012325,
      "return_1m": -5.954825462012325,