{
  "asOf": "2026-03-23",
  "source": "PYKRX",
  "items": {
    "A_088": {
      "ticker": "005930",
      "return_3d": -10.647482014388487,
      "return_7d": -0.8515167642362931,
      "return_1m": -1.947368421052631,
      "return_1y": 246.927374301676,
      "return_3y": 196.656050955414,
      "return_ytd": 44.98054474708171
    },
    "A_085": {
      "ticker": "009150",
      "return_3d": -7.866379310344829,
      "return_7d": 7.008760951188986,
      "return_1m": 19.413407821229043,
      "return_1y": 221.67042889390518,
      "return_3y": 191.0142954390742,
      "return_ytd": 58.33333333333333
    },
    "A_091": {
      "ticker": "277810",
      "return_3d": -19.729729729729726,
      "return_7d": -21.842105263157897,
      "return_1m": -17.27019498607242,
      "return_1y": 90.08,
      "return_3y": 730.7692307692308,
      "return_ytd": 20.364741641337393
    },
    "A_092": {
      "ticker": "058610",
      "return_3d": -13.647058823529413,
      "return_7d": -16.082317073170728,
      "return_1m": -20.905172413793103,
      "return_1y": 347.5609756097561,
      "return_3y": 494.8136142625608,
      "return_ytd": 33.13180169286578
    },
    "A_093": {
      "ticker": "475400",
      "return_3d": -16.493506493506494,
      "return_7d": -23.361144219308706,
      "return_1m": -11.917808219178083,
      "return_1y": 13.403880070546737,
      "return_3y": null,
      "return_ytd": -3.8863976083707064
    },
    "A_094": {
      "ticker": "101170",
      "return_3d": -7.857142857142863,
      "return_7d": -7.3275862068965525,
      "return_1m": -17.938931297709924,
      "return_1y": 131.18279569892474,
      "return_3y": 94.57013574660633,
      "return_ytd": -25.691244239631338
    },
    "A_095": {
      "ticker": "049070",
      "return_3d": -6.809445359692479,
      "return_7d": -6.758241758241756,
      "return_1m": -18.41346153846154,
      "return_1y": -3.414911781445651,
      "return_3y": -40.1410934744268,
      "return_ytd": -17.219512195121954
    },
    "A_096": {
      "ticker": "264850",
      "return_3d": -9.954751131221718,
      "return_7d": -10.360360360360366,
      "return_1m": -24.430379746835442,
      "return_1y": 23.73056994818652,
      "return_3y": 123.17757009345796,
      "return_ytd": -16.736401673640167
    },
    "A_011": {
      "ticker": "097950",
      "return_3d": 1.7199017199017286,
      "return_7d": 2.7295285359801413,
      "return_1m": -6.966292134831464,
      "return_1y": -20.077220077220083,
      "return_3y": -40.086830680173655,
      "return_ytd": 0.0
    },
    "A_179": {
      "ticker": "103840",
      "return_3d": -2.680067001675046,
      "return_7d": -1.858108108108103,
      "return_1m": -5.834683954619124,
      "return_1y": -2.02360876897133,
      "return_3y": -4.909983633387894,
      "return_ytd": -12.235649546827798
    },
    "A_180": {
      "ticker": "049770",
      "return_3d": 0.0,
      "return_7d": 0.0,
      "return_1m": -0.666666666666671,
      "return_1y": -0.22321428571429047,
      "return_3y": null,
      "return_ytd": 45.84013050570963
    },
    "A_181": {
      "ticker": "003230",
      "return_3d": 2.7100271002709952,
      "return_7d": 5.767441860465117,
      "return_1m": -2.903501280956444,
      "return_1y": 26.755852842809368,
      "return_3y": 842.7860696517414,
      "return_ytd": -10.89341692789969
    },
    "A_182": {
      "ticker": "004370",
      "return_3d": -3.1704095112285335,
      "return_7d": -2.0053475935828846,
      "return_1m": -17.917133258678607,
      "return_1y": -5.174644243208282,
      "return_3y": 2.949438202247201,
      "return_ytd": -14.469078179696615
    },
    "A_183": {
      "ticker": "007310",
      "return_3d": -3.6144578313253017,
      "return_7d": -4.3824701195219085,
      "return_1m": -9.999999999999998,
      "return_1y": -11.001236093943135,
      "return_3y": -25.078043704474506,
      "return_ytd": -6.005221932114879
    },
    "A_184": {
      "ticker": "271560",
      "return_3d": -3.2835820895522394,
      "return_7d": -0.384319754035356,
      "return_1m": -5.4014598540146,
      "return_1y": 20.446096654275102,
      "return_3y": 7.107438016528933,
      "return_ytd": 25.703200775945678
    },
    "A_185": {
      "ticker": "005610",
      "return_3d": -4.015296367112809,
      "return_7d": -3.0888030888030937,
      "return_1m": -2.3346303501945553,
      "return_1y": -5.992509363295884,
      "return_3y": -31.23287671232877,
      "return_ytd": -2.7131782945736482
    },
    "A_186": {
      "ticker": "101530",
      "return_3d": -4.08472012102874,
      "return_7d": -2.7607361963190136,
      "return_1m": -9.81507823613087,
      "return_1y": 0.15797788309637184,
      "return_3y": -8.381502890173408,
      "return_ytd": -8.248914616497826
    },
    "A_187": {
      "ticker": "005180",
      "return_3d": -4.221635883905018,
      "return_7d": -5.836575875486383,
      "return_1m": -13.98104265402843,
      "return_1y": -20.307354555433587,
      "return_3y": 74.10071942446044,
      "return_ytd": -0.4115226337448541
    },
    "A_188": {
      "ticker": "438900",
      "return_3d": -1.376936316695354,
      "return_7d": -0.043610989969466996,
      "return_1m": -9.585798816568047,
      "return_1y": 1.6137613051959487,
      "return_3y": 23.784834737524307,
      "return_ytd": -1.546391752577314
    },
    "A_090": {
      "ticker": "010140",
      "return_3d": -10.652920962199309,
      "return_7d": -15.721231766612643,
      "return_1m": -10.034602076124566,
      "return_1y": 78.94012388162423,
      "return_3y": 357.7464788732394,
      "return_ytd": 7.660455486542439
    },
    "A_189": {
      "ticker": "009540",
      "return_3d": -13.882352941176467,
      "return_7d": -13.882352941176467,
      "return_1m": -13.372781065088757,
      "return_1y": 57.08154506437768,
      "return_3y": 345.2554744525547,
      "return_ytd": -6.988564167725542
    },
    "A_190": {
      "ticker": "329180",
      "return_3d": -14.915254237288133,
      "return_7d": -16.887417218543042,
      "return_1m": -12.543554006968638,
      "return_1y": 62.72285251215559,
      "return_3y": 362.24677716390426,
      "return_ytd": -0.3968253968253954
    },
    "A_191": {
      "ticker": "010620",
      "return_3d": 0.0,
      "return_7d": 0.0,
      "return_1m": 0.0,
      "return_1y": 77.40652346857597,
      "return_3y": 146.95459579180508,
      "return_ytd": 65.79925650557621
    },
    "A_192": {
      "ticker": "042660",
      "return_3d": -10.534236267870579,
      "return_7d": -13.021214337966347,
      "return_1m": -15.433854907539112,
      "return_1y": 48.99749373433584,
      "return_3y": 440.74949972712386,
      "return_ytd": 3.661726242371399
    },
    "A_193": {
      "ticker": "017960",
      "return_3d": -4.307692307692312,
      "return_7d": -2.4058577405857706,
      "return_1m": 26.93877551020407,
      "return_1y": 196.1904761904762,
      "return_3y": 293.6708860759494,
      "return_ytd": 68.1081081081081
    },
    "A_194": {
      "ticker": "033500",
      "return_3d": -5.175600739371533,
      "return_7d": -6.896551724137934,
      "return_1m": -12.60647359454855,
      "return_1y": 12.5,
      "return_3y": 128.40605520926093,
      "return_ytd": 6.652806652806653
    },
    "A_195": {
      "ticker": "014620",
      "return_3d": 12.615384615384606,
      "return_7d": 1.949860724233976,
      "return_1m": -8.499999999999996,
      "return_1y": 32.129963898916955,
      "return_3y": 191.1694510739857,
      "return_ytd": 44.66403162055337
    },
    "A_196": {
      "ticker": "023160",
      "return_3d": 24.479166666666675,
      "return_7d": 11.335403726708071,
      "return_1m": 14.536741214057503,
      "return_1y": 48.755186721991706,
      "return_3y": 136.63366336633663,
      "return_ytd": 71.12171837708831
    },
    "A_197": {
      "ticker": "086280",
      "return_3d": -8.668076109936573,
      "return_7d": -6.493506493506496,
      "return_1m": -17.714285714285715,