{
  "asOf": "2026-03-16",
  "source": "PYKRX",
  "items": {
    "A_088": {
      "ticker": "005930",
      "return_3d": -0.6842105263157872,
      "return_7d": -1.5135699373695188,
      "return_1m": 13.401442307692314,
      "return_1y": 246.2385321100917,
      "return_3y": 195.7680250783699,
      "return_ytd": 46.848249027237344
    },
    "A_085": {
      "ticker": "009150",
      "return_3d": 1.724137931034475,
      "return_7d": 2.8642590286425795,
      "return_1m": 35.85526315789473,
      "return_1y": 205.92592592592592,
      "return_3y": 177.367360644728,
      "return_ytd": 52.96296296296297
    },
    "A_091": {
      "ticker": "277810",
      "return_3d": -3.7433155080213942,
      "return_7d": -13.978494623655912,
      "return_1m": 4.8034934497816595,
      "return_1y": 110.2189781021898,
      "return_3y": 809.0909090909091,
      "return_ytd": 45.8966565349544
    },
    "A_092": {
      "ticker": "058610",
      "return_3d": -3.353658536585369,
      "return_7d": -0.07880220646178104,
      "return_1m": -8.115942028985511,
      "return_1y": 390.5222437137331,
      "return_3y": 560.4166666666667,
      "return_ytd": 53.32527206771462
    },
    "A_093": {
      "ticker": "475400",
      "return_3d": -6.470588235294117,
      "return_7d": 26.79425837320575,
      "return_1m": 1.4030612244897878,
      "return_1y": 36.83304647160068,
      "return_3y": null,
      "return_ytd": 18.8340807174888
    },
    "A_094": {
      "ticker": "101170",
      "return_3d": -4.545454545454541,
      "return_7d": -7.016348773841963,
      "return_1m": -16.411512553582362,
      "return_1y": 151.38121546961324,
      "return_3y": 96.68587896253602,
      "return_ytd": -21.370967741935488
    },
    "A_095": {
      "ticker": "049070",
      "return_3d": -5.305466237942125,
      "return_7d": 2.4347826086956514,
      "return_1m": -13.80487804878049,
      "return_1y": -2.698237885462551,
      "return_3y": -37.891036906854126,
      "return_ytd": -13.80487804878049
    },
    "A_096": {
      "ticker": "264850",
      "return_3d": -2.3668639053254448,
      "return_7d": -3.083700440528636,
      "return_1m": -16.349809885931556,
      "return_1y": 34.8314606741573,
      "return_3y": 142.6470588235294,
      "return_ytd": -7.949790794979084
    },
    "A_011": {
      "ticker": "097950",
      "return_3d": 0.10045203415369741,
      "return_7d": 1.1161846778285245,
      "return_1m": -8.995433789954333,
      "return_1y": -15.907172995780595,
      "return_3y": -42.812051649928264,
      "return_ytd": -3.7198067632850274
    },
    "A_179": {
      "ticker": "103840",
      "return_3d": -1.1686143572620988,
      "return_7d": -2.471169686985175,
      "return_1m": -3.583061889250816,
      "return_1y": -3.7398373983739797,
      "return_3y": 1.8932874354561147,
      "return_ytd": -10.574018126888218
    },
    "A_180": {
      "ticker": "049770",
      "return_3d": 0.0,
      "return_7d": 0.0,
      "return_1m": -0.666666666666671,
      "return_1y": -0.22321428571429047,
      "return_3y": null,
      "return_ytd": 45.84013050570963
    },
    "A_181": {
      "ticker": "003230",
      "return_3d": -7.321428571428568,
      "return_7d": -2.075471698113207,
      "return_1m": -5.205479452054796,
      "return_1y": 20.697674418604663,
      "return_3y": 759.2715231788079,
      "return_ytd": -18.65203761755486
    },
    "A_182": {
      "ticker": "004370",
      "return_3d": -8.248730964467011,
      "return_7d": -8.942065491183882,
      "return_1m": -15.438596491228074,
      "return_1y": 6.011730205278587,
      "return_3y": 8.885542168674698,
      "return_ytd": -15.635939323220537
    },
    "A_183": {
      "ticker": "007310",
      "return_3d": -1.0810810810810811,
      "return_7d": -1.744966442953022,
      "return_1m": -6.39386189258312,
      "return_1y": -5.426356589147286,
      "return_3y": -22.621564482029598,
      "return_ytd": -4.43864229765013
    },
    "A_184": {
      "ticker": "271560",
      "return_3d": 0.0,
      "return_7d": 3.948428686543104,
      "return_1m": 1.976284584980248,
      "return_1y": 26.59470068694798,
      "return_3y": 4.622871046228716,
      "return_ytd": 25.121241513094073
    },
    "A_185": {
      "ticker": "005610",
      "return_3d": 3.3530571992110403,
      "return_7d": 2.946954813359537,
      "return_1m": 3.7623762376237657,
      "return_1y": 5.326633165829153,
      "return_3y": -27.724137931034488,
      "return_ytd": 1.5503875968992276
    },
    "A_186": {
      "ticker": "101530",
      "return_3d": 0.4601226993865115,
      "return_7d": 2.1840873634945357,
      "return_1m": -3.8179148311306865,
      "return_1y": 8.085808580858078,
      "return_3y": -6.025824964131998,
      "return_ytd": -5.209840810419686
    },
    "A_187": {
      "ticker": "005180",
      "return_3d": 1.9659239842725995,
      "return_7d": 0.5167958656330685,
      "return_1m": -1.643489254108721,
      "return_1y": -19.378238341968913,
      "return_3y": 85.23809523809524,
      "return_ytd": 6.721536351165991
    },
    "A_188": {
      "ticker": "438900",
      "return_3d": -3.316106804478902,
      "return_7d": -2.0078568310781364,
      "return_1m": -7.61316872427984,
      "return_1y": 5.152224824355978,
      "return_3y": 21.733000759136758,
      "return_ytd": -3.5652920962199297
    },
    "A_090": {
      "ticker": "010140",
      "return_3d": -0.17361111111111605,
      "return_7d": 5.698529411764697,
      "return_1m": 2.8622540250447193,
      "return_1y": 106.09318996415769,
      "return_3y": 392.29452054794524,
      "return_ytd": 19.047619047619047
    },
    "A_189": {
      "ticker": "009540",
      "return_3d": -2.500000000000002,
      "return_7d": 0.6142506142506221,
      "return_1m": 5.000000000000004,
      "return_1y": 91.35514018691589,
      "return_3y": 393.3734939759036,
      "return_ytd": 4.066073697585759
    },
    "A_190": {
      "ticker": "329180",
      "return_3d": -1.1864406779661052,
      "return_7d": 4.29338103756709,
      "return_1m": 7.962962962962972,
      "return_1y": 96.95945945945945,
      "return_3y": 419.6078431372549,
      "return_ytd": 15.674603174603185
    },
    "A_191": {
      "ticker": "010620",
      "return_3d": 0.0,
      "return_7d": 0.0,
      "return_1m": 0.0,
      "return_1y": 77.40652346857597,
      "return_3y": 146.95459579180508,
      "return_ytd": 65.79925650557621
    },
    "A_192": {
      "ticker": "042660",
      "return_3d": -1.2724550898203568,
      "return_7d": 8.026208026208037,
      "return_1m": -0.9759759759759734,
      "return_1y": 77.52355316285329,
      "return_3y": 508.4790330765327,
      "return_ytd": 14.995640802092414
    },
    "A_193": {
      "ticker": "017960",
      "return_3d": -2.6539278131634814,
      "return_7d": 19.24577373211964,
      "return_1m": 30.070921985815602,
      "return_1y": 198.30839297332466,
      "return_3y": 287.90186125211505,
      "return_ytd": 65.22522522522523
    },
    "A_194": {
      "ticker": "033500",
      "return_3d": 5.617977528089879,
      "return_7d": 5.027932960893855,
      "return_1m": -4.406779661016946,
      "return_1y": 23.684210526315795,
      "return_3y": 148.4581497797357,
      "return_ytd": 17.25571725571726
    },
    "A_195": {
      "ticker": "014620",
      "return_3d": 3.2710280373831724,
      "return_7d": 1.0670731707317138,
      "return_1m": 2.472952086553315,
      "return_1y": 19.244604316546756,
      "return_3y": 156.7776917118513,
      "return_ytd": 31.027667984189723
    },
    "A_196": {
      "ticker": "023160",
      "return_3d": 1.2367491166077826,
      "return_7d": 13.690476190476186,
      "return_1m": -2.2184300341296925,
      "return_1y": 20.378151260504197,
      "return_3y": 81.55893536121673,
      "return_ytd": 36.754176610978526
    },
    "A_197": {
      "ticker": "086280",
      "return_3d": -7.3995771670190225,
      "return_7d": -11.156186612576068,
      "return_1m": -9.690721649484535,