{
  "asOf": "2026-03-10",
  "source": "PYKRX",
  "items": {
    "A_088": {
      "ticker": "005930",
      "return_3d": -1.9311064718162796,
      "return_7d": -13.807339449541288,
      "return_1m": 12.179104477611947,
      "return_1y": 227.92321116928446,
      "return_3y": 196.84044233807265,
      "return_ytd": 46.22568093385213
    },
    "A_085": {
      "ticker": "009150",
      "return_3d": 0.12453300124533051,
      "return_7d": -13.826366559485525,
      "return_1m": 30.731707317073177,
      "return_1y": 179.74947807933194,
      "return_3y": 177.81617138908086,
      "return_ytd": 48.88888888888889
    },
    "A_091": {
      "ticker": "277810",
      "return_3d": -8.482676224611707,
      "return_7d": -12.954545454545451,
      "return_1m": 1.3227513227513255,
      "return_1y": 96.4102564102564,
      "return_3y": 865.952080706179,
      "return_ytd": 55.21783181357649
    },
    "A_092": {
      "ticker": "058610",
      "return_3d": 6.382978723404253,
      "return_7d": -11.008569545154911,
      "return_1m": -13.62763915547025,
      "return_1y": 374.51669595782073,
      "return_3y": 613.9079851930195,
      "return_ytd": 63.24062877871825
    },
    "A_093": {
      "ticker": "475400",
      "return_3d": 19.61722488038278,
      "return_7d": -0.3984063745019917,
      "return_1m": -10.607866507747321,
      "return_1y": 12.443778110944525,
      "return_3y": null,
      "return_ytd": 12.107623318385642
    },
    "A_094": {
      "ticker": "101170",
      "return_3d": -1.7711171662125325,
      "return_7d": -9.308176100628929,
      "return_1m": -22.05405405405405,
      "return_1y": 155.67375886524823,
      "return_3y": 100.27777777777777,
      "return_ytd": -16.935483870967737
    },
    "A_095": {
      "ticker": "049070",
      "return_3d": 5.391304347826087,
      "return_7d": -10.443349753694587,
      "return_1m": -14.84777517564403,
      "return_1y": -7.621951219512191,
      "return_3y": -38.26825127334465,
      "return_ytd": -11.317073170731707
    },
    "A_096": {
      "ticker": "264850",
      "return_3d": -0.5873715124816492,
      "return_7d": -17.03431372549019,
      "return_1m": -20.63305978898007,
      "return_1y": 25.370370370370377,
      "return_3y": 148.44036697247708,
      "return_ytd": -5.57880055788006
    },
    "A_011": {
      "ticker": "097950",
      "return_3d": -1.1669203450025423,
      "return_7d": -9.81481481481481,
      "return_1m": -8.113207547169809,
      "return_1y": -21.923847695390787,
      "return_3y": -43.61794500723589,
      "return_ytd": -5.893719806763286
    },
    "A_179": {
      "ticker": "103840",
      "return_3d": -3.130148270181221,
      "return_7d": -7.9812206572769995,
      "return_1m": -1.8363939899833093,
      "return_1y": -5.61797752808989,
      "return_3y": 2.083333333333326,
      "return_ytd": -11.178247734138969
    },
    "A_180": {
      "ticker": "049770",
      "return_3d": 0.0,
      "return_7d": 0.0,
      "return_1m": -0.666666666666671,
      "return_1y": -0.22321428571429047,
      "return_3y": null,
      "return_ytd": 45.84013050570963
    },
    "A_181": {
      "ticker": "003230",
      "return_3d": -2.8301886792452824,
      "return_7d": -15.573770491803273,
      "return_1m": -7.374100719424459,
      "return_1y": 15.083798882681565,
      "return_3y": 756.9051580698834,
      "return_ytd": -19.27899686520376
    },
    "A_182": {
      "ticker": "004370",
      "return_3d": -2.3929471032745564,
      "return_7d": -10.71428571428571,
      "return_1m": -6.2877871825876674,
      "return_1y": 9.618104667609618,
      "return_3y": 15.671641791044767,
      "return_ytd": -9.568261376896148
    },
    "A_183": {
      "ticker": "007310",
      "return_3d": -3.3557046979865723,
      "return_7d": -9.774436090225569,
      "return_1m": -5.759162303664922,
      "return_1y": -8.860759493670889,
      "return_3y": -21.99349945828819,
      "return_ytd": -6.005221932114879
    },
    "A_184": {
      "ticker": "271560",
      "return_3d": 3.5455278001611523,
      "return_7d": -5.375552282768781,
      "return_1m": 8.898305084745761,
      "return_1y": 18.215271389144426,
      "return_3y": 3.880355699272431,
      "return_ytd": 24.636275460717762
    },
    "A_185": {
      "ticker": "005610",
      "return_3d": -1.5717092337917515,
      "return_7d": -6.8773234200743545,
      "return_1m": -0.3976143141153132,
      "return_1y": 3.0864197530864113,
      "return_3y": -29.73352033660589,
      "return_ytd": -2.9069767441860517
    },
    "A_186": {
      "ticker": "101530",
      "return_3d": 0.9360374414976613,
      "return_7d": -6.095791001451378,
      "return_1m": -3.2884902840059738,
      "return_1y": 5.374592833876224,
      "return_3y": -4.852941176470593,
      "return_ytd": -6.367583212735162
    },
    "A_187": {
      "ticker": "005180",
      "return_3d": -3.488372093023251,
      "return_7d": -10.216346153846157,
      "return_1m": -1.3210039630118908,
      "return_1y": -19.068255687974002,
      "return_3y": 82.19512195121952,
      "return_ytd": 2.4691358024691468
    },
    "A_188": {
      "ticker": "438900",
      "return_3d": -1.1785246617197709,
      "return_7d": -10.015898251192368,
      "return_1m": -3.5775127768313486,
      "return_1y": 2.7596223674654974,
      "return_3y": 23.594278851402994,
      "return_ytd": -2.7491408934707917
    },
    "A_090": {
      "ticker": "010140",
      "return_3d": 2.389705882352944,
      "return_7d": -2.9616724738675937,
      "return_1m": -2.7923211169284423,
      "return_1y": 100.21567217828901,
      "return_3y": 431.4885496183206,
      "return_ytd": 15.320910973084878
    },
    "A_189": {
      "ticker": "009540",
      "return_3d": -0.7371007371007376,
      "return_7d": -10.619469026548678,
      "return_1m": -3.233532934131733,
      "return_1y": 91.01654846335698,
      "return_3y": 423.99481193255514,
      "return_ytd": 2.668360864040653
    },
    "A_190": {
      "ticker": "329180",
      "return_3d": 4.29338103756709,
      "return_7d": -1.5202702702702742,
      "return_1m": 0.1718213058419238,
      "return_1y": 95.30988274706868,
      "return_3y": 430.0,
      "return_ytd": 15.674603174603185
    },
    "A_191": {
      "ticker": "010620",
      "return_3d": 0.0,
      "return_7d": 0.0,
      "return_1m": 0.0,
      "return_1y": 77.40652346857597,
      "return_3y": 146.95459579180508,
      "return_ytd": 65.79925650557621
    },
    "A_192": {
      "ticker": "042660",
      "return_3d": 1.8837018837018826,
      "return_7d": -11.142857142857142,
      "return_1m": -12.022630834512027,
      "return_1y": 73.98601398601399,
      "return_3y": 540.8737313894184,
      "return_ytd": 8.456843940714908
    },
    "A_193": {
      "ticker": "017960",
      "return_3d": 10.793237971391424,
      "return_7d": 5.185185185185182,
      "return_1m": 26.035502958579883,
      "return_1y": 165.25529265255292,
      "return_3y": 265.3516295025729,
      "return_ytd": 53.51351351351352
    },
    "A_194": {
      "ticker": "033500",
      "return_3d": -6.703910614525144,
      "return_7d": -14.212328767123283,
      "return_1m": -8.90909090909091,
      "return_1y": 14.383561643835607,
      "return_3y": 121.2897526501767,
      "return_ytd": 4.158004158004158
    },
    "A_195": {
      "ticker": "014620",
      "return_3d": 2.286585365853666,
      "return_7d": -5.225988700564976,
      "return_1m": 5.6692913385826715,
      "return_1y": 28.298279158699803,
      "return_3y": 159.87606506584044,
      "return_ytd": 32.6086956521739
    },
    "A_196": {
      "ticker": "023160",
      "return_3d": 11.507936507936511,
      "return_7d": 0.0,
      "return_1m": 6.037735849056602,
      "return_1y": 28.018223234624152,
      "return_3y": 76.61847894406033,
      "return_ytd": 34.12887828162292
    },
    "A_197": {
      "ticker": "086280",
      "return_3d": -4.86815415821501,
      "return_7d": -19.277108433734934,
      "return_1m": -6.2000000000000055,