{
  "asOf": "2026-03-03",
  "source": "PYKRX",
  "items": {
    "A_088": {
      "ticker": "005930",
      "return_3d": -4.127764127764133,
      "return_7d": 2.6842105263158,
      "return_1m": 22.319749216300934,
      "return_1y": 248.39285714285714,
      "return_3y": 217.2357723577236,
      "return_ytd": 51.82879377431906
    },
    "A_085": {
      "ticker": "009150",
      "return_3d": -12.043010752688177,
      "return_7d": 14.245810055865915,
      "return_1m": 47.653429602888096,
      "return_1y": 177.4762550881954,
      "return_3y": 169.07894736842107,
      "return_ytd": 51.48148148148148
    },
    "A_091": {
      "ticker": "277810",
      "return_3d": 6.598984771573613,
      "return_7d": 16.991643454039007,
      "return_1m": 29.230769230769237,
      "return_1y": 110.52631578947367,
      "return_3y": 1261.4262560777956,
      "return_ytd": 70.2127659574468
    },
    "A_092": {
      "ticker": "058610",
      "return_3d": -8.486082824168362,
      "return_7d": -3.1609195402298895,
      "return_1m": 10.582444626743225,
      "return_1y": 329.98405103668256,
      "return_3y": 602.0833333333333,
      "return_ytd": 62.9987908101572
    },
    "A_093": {
      "ticker": "475400",
      "return_3d": -13.32470892626132,
      "return_7d": -8.21917808219178,
      "return_1m": -18.292682926829272,
      "return_1y": -10.78561917443409,
      "return_3y": null,
      "return_ytd": 0.1494768310911887
    },
    "A_094": {
      "ticker": "101170",
      "return_3d": -7.8963230861964995,
      "return_7d": -2.7989821882951627,
      "return_1m": -20.29212310902452,
      "return_1y": 160.75085324232083,
      "return_3y": 114.00560224089635,
      "return_ytd": -11.981566820276502
    },
    "A_095": {
      "ticker": "049070",
      "return_3d": -11.029411764705888,
      "return_7d": -12.740384615384615,
      "return_1m": -17.312072892938502,
      "return_1y": -13.571428571428568,
      "return_3y": -38.47457627118644,
      "return_ytd": -11.463414634146341
    },
    "A_096": {
      "ticker": "264850",
      "return_3d": -12.048192771084343,
      "return_7d": -7.594936708860756,
      "return_1m": -10.757946210268955,
      "return_1y": 29.20353982300885,
      "return_3y": 180.76923076923075,
      "return_ytd": 1.8131101813110284
    },
    "A_011": {
      "ticker": "097950",
      "return_3d": -5.46697038724373,
      "return_7d": -6.741573033707871,
      "return_1m": -3.263403263403264,
      "return_1y": -15.650406504065039,
      "return_3y": -39.85507246376812,
      "return_ytd": 0.24154589371980784
    },
    "A_179": {
      "ticker": "103840",
      "return_3d": -6.534954407294835,
      "return_7d": -0.32414910858995505,
      "return_1m": 0.8196721311475308,
      "return_1y": 0.4901960784313708,
      "return_3y": 10.611510791366907,
      "return_ytd": -7.099697885196377
    },
    "A_180": {
      "ticker": "049770",
      "return_3d": 0.0,
      "return_7d": 0.0,
      "return_1m": -0.666666666666671,
      "return_1y": -0.22321428571429047,
      "return_3y": null,
      "return_ytd": 45.84013050570963
    },
    "A_181": {
      "ticker": "003230",
      "return_3d": -5.711987127916329,
      "return_7d": 0.0853970964987294,
      "return_1m": -2.4146544546211457,
      "return_1y": 32.279909706546285,
      "return_3y": 837.5999999999999,
      "return_ytd": -8.150470219435736
    },
    "A_182": {
      "ticker": "004370",
      "return_3d": -6.577480490523968,
      "return_7d": -6.159014557670773,
      "return_1m": 2.6960784313725394,
      "return_1y": 19.034090909090917,
      "return_3y": 20.057306590257884,
      "return_ytd": -2.2170361726954524
    },
    "A_183": {
      "ticker": "007310",
      "return_3d": -4.545454545454541,
      "return_7d": -2.8750000000000053,
      "return_1m": -0.25673940949936247,
      "return_1y": 0.2580645161290418,
      "return_3y": -16.09071274298056,
      "return_ytd": 1.436031331592691
    },
    "A_184": {
      "ticker": "271560",
      "return_3d": -6.950354609929077,
      "return_7d": -4.233576642335768,
      "return_1m": 18.19819819819819,
      "return_1y": 20.81031307550645,
      "return_3y": 7.983539094650216,
      "return_ytd": 27.255092143549952
    },
    "A_185": {
      "ticker": "005610",
      "return_3d": 0.7633587786259444,
      "return_7d": 2.7237354085603016,
      "return_1m": 3.937007874015741,
      "return_1y": 10.575916230366488,
      "return_3y": -25.0,
      "return_ytd": 2.3255813953488413
    },
    "A_186": {
      "ticker": "101530",
      "return_3d": -5.932203389830503,
      "return_7d": -5.263157894736848,
      "return_1m": -2.9154518950437303,
      "return_1y": 9.90099009900991,
      "return_3y": 1.2158054711246091,
      "return_ytd": -3.61794500723589
    },
    "A_187": {
      "ticker": "005180",
      "return_3d": -8.21596244131455,
      "return_7d": -7.345971563981046,
      "return_1m": 4.127829560585883,
      "return_1y": -13.781697905181922,
      "return_3y": 97.47474747474747,
      "return_ytd": 7.270233196159115
    },
    "A_188": {
      "ticker": "438900",
      "return_3d": -6.526806526806528,
      "return_7d": -5.088757396449706,
      "return_1m": 2.9084687767322537,
      "return_1y": 11.296142103802387,
      "return_3y": 31.835616438356173,
      "return_ytd": 3.350515463917536
    },
    "A_090": {
      "ticker": "010140",
      "return_3d": -3.2815198618307395,
      "return_7d": -3.114186851211076,
      "return_1m": -7.590759075907593,
      "return_1y": 120.29897718332023,
      "return_3y": 450.09823182711204,
      "return_ytd": 15.94202898550725
    },
    "A_189": {
      "ticker": "009540",
      "return_3d": -5.561497326203213,
      "return_7d": 4.497041420118353,
      "return_1m": 3.5169988276670505,
      "return_1y": 95.78713968957871,
      "return_3y": 487.1010638297872,
      "return_ytd": 12.1982210927573
    },
    "A_190": {
      "ticker": "329180",
      "return_3d": -0.6734006734006703,
      "return_7d": 2.7874564459930307,
      "return_1m": 0.340136054421758,
      "return_1y": 80.70444104134762,
      "return_3y": 448.83720930232556,
      "return_ytd": 17.06349206349207
    },
    "A_191": {
      "ticker": "010620",
      "return_3d": 0.0,
      "return_7d": 0.0,
      "return_1m": 0.0,
      "return_1y": 77.40652346857597,
      "return_3y": 146.95459579180508,
      "return_ytd": 65.79925650557621
    },
    "A_192": {
      "ticker": "042660",
      "return_3d": -4.647887323943667,
      "return_7d": -3.69843527738265,
      "return_1m": -3.6298932384341676,
      "return_1y": 73.81258023106547,
      "return_3y": 691.7202666354813,
      "return_ytd": 18.04707933740193
    },
    "A_193": {
      "ticker": "017960",
      "return_3d": -1.0962241169305775,
      "return_7d": 10.476190476190483,
      "return_1m": 17.17171717171717,
      "return_1y": 183.32170272156313,
      "return_3y": 288.5167464114832,
      "return_ytd": 46.3063063063063
    },
    "A_194": {
      "ticker": "033500",
      "return_3d": -1.8333333333333313,
      "return_7d": 0.34071550255536653,
      "return_1m": 5.555555555555558,
      "return_1y": 28.32244008714597,
      "return_3y": 167.72727272727272,
      "return_ytd": 22.453222453222455
    },
    "A_195": {
      "ticker": "014620",
      "return_3d": -5.616438356164388,
      "return_7d": -13.875000000000004,
      "return_1m": 8.503937007874018,
      "return_1y": 23.920863309352526,
      "return_3y": 182.37704918032787,
      "return_ytd": 36.16600790513833
    },
    "A_196": {
      "ticker": "023160",
      "return_3d": -6.896551724137934,
      "return_7d": -13.738019169329075,
      "return_1m": 0.9345794392523255,
      "return_1y": 20.267260579064583,
      "return_3y": 79.40199335548172,
      "return_ytd": 28.878281622911683
    },
    "A_197": {
      "ticker": "086280",
      "return_3d": -7.486631016042777,
      "return_7d": -1.1428571428571455,
      "return_1m": 7.676348547717837,